2026-04-06T00:16:00.221 false: password @ Goga
2026-04-06T00:16:12.412 false: password @ LEVANI
2026-04-06T00:16:21.250 false: password @ M A G T I
2026-04-06T00:16:44.309 false: password @ Natela
2026-04-06T00:17:06.901 false: password @ SILK_306EEC
2026-04-06T00:17:13.989 false: password @ Sofo
2026-04-06T00:17:30.939 false: password @ Tite
2026-04-06T00:17:38.314 false: password @ TP-Link_DF0C
2026-04-06T00:17:55.165 false: password @ TP-Link_E1D4
2026-04-06T00:18:04.222 false: password @ Twilight Network
2026-04-06T00:18:11.078 false: 12345678 @ Goga
2026-04-06T00:18:23.355 false: 12345678 @ LEVANI
2026-04-06T00:18:32.757 false: 12345678 @ M A G T I
2026-04-06T00:18:51.754 false: 12345678 @ Natela
2026-04-06T00:19:11.818 false: 12345678 @ SILK_306EEC
2026-04-06T00:19:17.947 false: 12345678 @ Sofo
2026-04-06T00:19:38.339 false: 12345678 @ Tite
2026-04-06T00:19:43.447 false: 12345678 @ TP-Link_DF0C
2026-04-06T00:20:00.274 false: 12345678 @ TP-Link_E1D4
2026-04-06T00:20:07.620 false: 12345678 @ Twilight Network
2026-04-06T00:20:13.071 false: 123456789 @ Goga
2026-04-06T00:20:25.225 false: 123456789 @ LEVANI
2026-04-06T00:20:32.748 false: 123456789 @ M A G T I
2026-04-06T00:20:36.878 false: 123456789 @ Natela
2026-04-06T00:20:54.123 false: 123456789 @ SILK_306EEC
2026-04-06T00:21:01.514 false: 123456789 @ Sofo
2026-04-06T00:21:18.456 false: 123456789 @ Tite
2026-04-06T00:21:25.874 false: 123456789 @ TP-Link_DF0C
2026-04-06T00:21:42.842 false: 123456789 @ TP-Link_E1D4
2026-04-06T00:21:50.144 false: 123456789 @ Twilight Network
2026-04-06T00:21:55.974 false: wrongpassword @ Goga
2026-04-06T00:22:02.849 false: wrongpassword @ LEVANI
2026-04-06T00:22:07.995 false: wrongpassword @ M A G T I
2026-04-06T00:22:25.560 false: wrongpassword @ Natela
2026-04-06T00:22:45.877 false: wrongpassword @ SILK_306EEC
2026-04-06T00:22:50.668 false: wrongpassword @ Sofo
2026-04-06T00:23:07.601 false: wrongpassword @ Tite
2026-04-06T00:23:16.899 false: wrongpassword @ TP-Link_DF0C
2026-04-06T00:23:35.107 false: wrongpassword @ TP-Link_E1D4
2026-04-06T00:23:42.179 false: wrongpassword @ Twilight Network
2026-04-06T00:23:46.074 false: football @ Goga
2026-04-06T00:23:51.516 false: football @ LEVANI
2026-04-06T00:23:56.726 false: football @ M A G T I
2026-04-06T00:24:14.046 false: football @ Natela
2026-04-06T00:24:34.354 false: football @ SILK_306EEC
2026-04-06T00:24:41.056 false: football @ Sofo
2026-04-06T00:25:01.739 false: football @ Tite
2026-04-06T00:25:09.460 false: football @ TP-Link_DF0C
2026-04-06T00:25:29.618 false: football @ TP-Link_E1D4
2026-04-06T00:25:34.718 false: football @ Twilight Network
2026-04-06T00:25:40.006 false: qwertyuiop @ Goga
2026-04-06T00:25:47.218 false: qwertyuiop @ LEVANI
2026-04-06T00:25:53.403 false: qwertyuiop @ M A G T I
2026-04-06T00:26:06.397 false: qwertyuiop @ Natela
2026-04-06T00:26:26.114 false: qwertyuiop @ SILK_306EEC
2026-04-06T00:26:31.242 false: qwertyuiop @ Sofo
2026-04-06T00:26:48.226 false: qwertyuiop @ Tite
2026-04-06T00:26:55.576 false: qwertyuiop @ TP-Link_DF0C
2026-04-06T00:27:12.515 false: qwertyuiop @ TP-Link_E1D4
2026-04-06T00:27:19.848 false: qwertyuiop @ Twilight Network
2026-04-06T00:27:23.676 false: 1234567890 @ Goga
2026-04-06T00:27:29.009 false: 1234567890 @ LEVANI
2026-04-06T00:27:34.113 false: 1234567890 @ M A G T I
2026-04-06T00:27:38.253 false: 1234567890 @ Natela
2026-04-06T00:27:55.424 false: 1234567890 @ SILK_306EEC
2026-04-06T00:28:02.881 false: 1234567890 @ Sofo
2026-04-06T00:28:19.812 false: 1234567890 @ Tite
2026-04-06T00:28:28.913 false: 1234567890 @ TP-Link_DF0C
2026-04-06T00:28:47.130 false: 1234567890 @ TP-Link_E1D4
2026-04-06T00:28:54.182 false: 1234567890 @ Twilight Network
2026-04-06T00:28:58.576 false: superman @ Goga
2026-04-06T00:29:03.308 false: superman @ LEVANI
2026-04-06T00:29:08.928 false: superman @ M A G T I
2026-04-06T00:29:27.655 false: superman @ Natela
2026-04-06T00:29:47.456 false: superman @ SILK_306EEC
2026-04-06T00:29:52.557 false: superman @ Sofo
2026-04-06T00:30:09.599 false: superman @ Tite
2026-04-06T00:30:16.938 false: superman @ TP-Link_DF0C
2026-04-06T00:30:33.969 false: superman @ TP-Link_E1D4
2026-04-06T00:30:41.408 false: superman @ Twilight Network
2026-04-06T00:30:47.073 false: 1qaz2wsx @ Goga
2026-04-06T00:30:52.269 false: 1qaz2wsx @ LEVANI
2026-04-06T00:30:56.493 false: 1qaz2wsx @ M A G T I
2026-04-06T00:31:13.870 false: 1qaz2wsx @ Natela
2026-04-06T00:31:34.272 false: 1qaz2wsx @ SILK_306EEC
2026-04-06T00:31:39.163 false: 1qaz2wsx @ Sofo
2026-04-06T00:31:56.096 false: 1qaz2wsx @ Tite
2026-04-06T00:32:05.424 false: 1qaz2wsx @ TP-Link_DF0C
2026-04-06T00:32:23.749 false: 1qaz2wsx @ TP-Link_E1D4
2026-04-06T00:32:30.765 false: 1qaz2wsx @ Twilight Network
2026-04-06T00:32:34.669 false: trustno1 @ Goga
2026-04-06T00:32:45.832 false: trustno1 @ LEVANI
2026-04-06T00:32:53.421 false: trustno1 @ M A G T I
2026-04-06T00:33:10.833 false: trustno1 @ Natela
2026-04-06T00:33:31.264 false: trustno1 @ SILK_306EEC
2026-04-06T00:33:37.545 false: trustno1 @ Sofo
2026-04-06T00:33:58.031 false: trustno1 @ Tite
2026-04-06T00:34:04.665 false: trustno1 @ TP-Link_DF0C
2026-04-06T00:34:24.994 false: trustno1 @ TP-Link_E1D4
2026-04-06T00:34:30.068 false: trustno1 @ Twilight Network
2026-04-06T00:34:35.582 false: jennifer @ Goga
2026-04-06T00:34:44.280 false: jennifer @ LEVANI
2026-04-06T00:34:51.381 false: jennifer @ M A G T I
2026-04-06T00:35:04.650 false: jennifer @ Natela
2026-04-06T00:35:24.279 false: jennifer @ SILK_306EEC
2026-04-06T00:35:29.360 false: jennifer @ Sofo
2026-04-06T00:35:46.309 false: jennifer @ Tite
2026-04-06T00:35:55.773 false: jennifer @ TP-Link_DF0C
2026-04-06T00:36:13.940 false: jennifer @ TP-Link_E1D4
2026-04-06T00:36:20.952 false: jennifer @ Twilight Network
2026-04-06T00:36:26.696 false: sunshine @ Goga
2026-04-06T00:36:31.832 false: sunshine @ LEVANI
2026-04-06T00:36:35.983 false: sunshine @ M A G T I
2026-04-06T00:36:54.300 false: sunshine @ Natela
2026-04-06T00:37:14.778 false: sunshine @ SILK_306EEC
2026-04-06T00:37:19.731 false: sunshine @ Sofo
2026-04-06T00:37:36.693 false: sunshine @ Tite
2026-04-06T00:37:51.449 false: sunshine @ TP-Link_DF0C
2026-04-06T00:38:09.212 false: sunshine @ TP-Link_E1D4
2026-04-06T00:38:16.254 false: sunshine @ Twilight Network
2026-04-06T00:38:20.170 false: iloveyou @ Goga
2026-04-06T00:38:31.725 false: iloveyou @ LEVANI
2026-04-06T00:38:38.701 false: iloveyou @ M A G T I
2026-04-06T00:38:50.109 false: iloveyou @ Natela
2026-04-06T00:39:08.336 false: iloveyou @ SILK_306EEC
2026-04-06T00:39:15.350 false: iloveyou @ Sofo
2026-04-06T00:39:32.287 false: iloveyou @ Tite
2026-04-06T00:39:41.358 false: iloveyou @ TP-Link_DF0C
2026-04-06T00:39:59.661 false: iloveyou @ TP-Link_E1D4
2026-04-06T00:40:06.658 false: iloveyou @ Twilight Network
2026-04-06T00:40:12.307 false: starwars @ Goga
2026-04-06T00:40:18.963 false: starwars @ LEVANI
2026-04-06T00:40:24.093 false: starwars @ M A G T I
2026-04-06T00:40:35.879 false: starwars @ Natela
2026-04-06T00:40:55.930 false: starwars @ SILK_306EEC
2026-04-06T00:41:00.743 false: starwars @ Sofo
2026-04-06T00:41:17.674 false: starwars @ Tite
2026-04-06T00:41:33.182 false: starwars @ TP-Link_DF0C
2026-04-06T00:41:51.423 false: starwars @ TP-Link_E1D4
2026-04-06T00:41:58.467 false: starwars @ Twilight Network
2026-04-06T00:42:02.279 false: computer @ Goga
2026-04-06T00:42:07.587 false: computer @ LEVANI
2026-04-06T00:42:12.736 false: computer @ M A G T I
2026-04-06T00:42:30.209 false: computer @ Natela
2026-04-06T00:42:50.525 false: computer @ SILK_306EEC
2026-04-06T00:42:55.313 false: computer @ Sofo
2026-04-06T00:43:12.262 false: computer @ Tite
2026-04-06T00:43:19.676 false: computer @ TP-Link_DF0C
2026-04-06T00:43:36.597 false: computer @ TP-Link_E1D4
2026-04-06T00:43:43.966 false: computer @ Twilight Network
2026-04-06T00:43:47.924 false: michelle @ Goga
2026-04-06T00:43:59.154 false: michelle @ LEVANI
2026-04-06T00:44:06.712 false: michelle @ M A G T I
2026-04-06T00:44:20.171 false: michelle @ Natela
2026-04-06T00:44:38.265 false: michelle @ SILK_306EEC
2026-04-06T00:44:44.892 false: michelle @ Sofo
2026-04-06T00:45:01.811 false: michelle @ Tite
2026-04-06T00:45:09.166 false: michelle @ TP-Link_DF0C
2026-04-06T00:45:26.098 false: michelle @ TP-Link_E1D4
2026-04-06T00:45:33.150 false: michelle @ Twilight Network
2026-04-06T00:45:38.987 false: 11111111 @ Goga
2026-04-06T00:45:51.552 false: 11111111 @ LEVANI
2026-04-06T00:46:00.810 false: 11111111 @ M A G T I
2026-04-06T00:46:20.124 false: 11111111 @ Natela
2026-04-06T00:46:40.235 false: 11111111 @ SILK_306EEC
2026-04-06T00:46:46.454 false: 11111111 @ Sofo
2026-04-06T00:47:07.200 false: 11111111 @ Tite
2026-04-06T00:47:14.006 false: 11111111 @ TP-Link_DF0C
2026-04-06T00:47:34.086 false: 11111111 @ TP-Link_E1D4
2026-04-06T00:47:39.164 false: 11111111 @ Twilight Network
2026-04-06T00:47:43.047 false: princess @ Goga
2026-04-06T00:47:47.423 false: princess @ LEVANI
2026-04-06T00:47:56.049 false: princess @ M A G T I
2026-04-06T00:48:14.857 false: princess @ Natela
2026-04-06T00:48:34.510 false: princess @ SILK_306EEC
2026-04-06T00:48:40.958 false: princess @ Sofo
2026-04-06T00:49:01.148 false: princess @ Tite
2026-04-06T00:49:06.211 false: princess @ TP-Link_DF0C
2026-04-06T00:49:23.136 false: princess @ TP-Link_E1D4
2026-04-06T00:49:30.474 false: princess @ Twilight Network
2026-04-06T00:49:34.358 false: 987654321 @ Goga
2026-04-06T00:49:38.174 false: 987654321 @ LEVANI
2026-04-06T00:49:43.993 false: 987654321 @ M A G T I
2026-04-06T00:50:03.123 false: 987654321 @ Natela
2026-04-06T00:50:22.817 false: 987654321 @ SILK_306EEC
2026-04-06T00:50:27.941 false: 987654321 @ Sofo
2026-04-06T00:50:44.885 false: 987654321 @ Tite
2026-04-06T00:50:52.283 false: 987654321 @ TP-Link_DF0C
2026-04-06T00:51:09.213 false: 987654321 @ TP-Link_E1D4
2026-04-06T00:51:16.561 false: 987654321 @ Twilight Network
2026-04-06T00:51:22.346 false: corvette @ Goga
2026-04-06T00:51:29.134 false: corvette @ LEVANI
2026-04-06T00:51:34.300 false: corvette @ M A G T I
2026-04-06T00:51:45.508 false: corvette @ Natela
2026-04-06T00:52:06.012 false: corvette @ SILK_306EEC
2026-04-06T00:52:12.970 false: corvette @ Sofo
2026-04-06T00:52:33.309 false: corvette @ Tite
2026-04-06T00:52:45.541 false: corvette @ TP-Link_DF0C
2026-04-06T00:53:05.651 false: corvette @ TP-Link_E1D4
2026-04-06T00:53:10.759 false: corvette @ Twilight Network
2026-04-06T00:53:14.719 false: 1234qwer @ Goga
2026-04-06T00:53:20.404 false: 1234qwer @ LEVANI
2026-04-06T00:53:29.365 false: 1234qwer @ M A G T I
2026-04-06T00:53:48.124 false: 1234qwer @ Natela
2026-04-06T00:54:07.812 false: 1234qwer @ SILK_306EEC
2026-04-06T00:54:12.927 false: 1234qwer @ Sofo
2026-04-06T00:54:29.916 false: 1234qwer @ Tite
2026-04-06T00:54:38.679 false: 1234qwer @ TP-Link_DF0C
2026-04-06T00:54:56.870 false: 1234qwer @ TP-Link_E1D4
2026-04-06T00:55:03.800 false: 1234qwer @ Twilight Network
2026-04-06T00:55:07.679 false: 88888888 @ Goga
2026-04-06T00:55:18.539 false: 88888888 @ LEVANI
2026-04-06T00:55:25.914 false: 88888888 @ M A G T I
2026-04-06T00:55:34.574 false: 88888888 @ Natela
2026-04-06T00:55:52.724 false: 88888888 @ SILK_306EEC
2026-04-06T00:55:59.735 false: 88888888 @ Sofo
2026-04-06T00:56:16.673 false: 88888888 @ Tite
2026-04-06T00:56:25.901 false: 88888888 @ TP-Link_DF0C
2026-04-06T00:56:44.103 false: 88888888 @ TP-Link_E1D4
2026-04-06T00:56:51.101 false: 88888888 @ Twilight Network
2026-04-06T00:56:55.013 false: q1w2e3r4t5 @ Goga
2026-04-06T00:57:06.213 false: q1w2e3r4t5 @ LEVANI
2026-04-06T00:57:13.784 false: q1w2e3r4t5 @ M A G T I
2026-04-06T00:57:31.184 false: q1w2e3r4t5 @ Natela
2026-04-06T00:57:51.494 false: q1w2e3r4t5 @ SILK_306EEC
2026-04-06T00:57:56.251 false: q1w2e3r4t5 @ Sofo
2026-04-06T00:58:13.207 false: q1w2e3r4t5 @ Tite
2026-04-06T00:58:28.007 false: q1w2e3r4t5 @ TP-Link_DF0C
2026-04-06T00:58:45.856 false: q1w2e3r4t5 @ TP-Link_E1D4
2026-04-06T00:58:52.862 false: q1w2e3r4t5 @ Twilight Network
2026-04-06T00:58:56.753 false: internet @ Goga
2026-04-06T00:59:00.647 false: internet @ LEVANI
2026-04-06T00:59:04.539 false: internet @ M A G T I
2026-04-06T00:59:21.565 false: internet @ Natela
2026-04-06T00:59:42.021 false: internet @ SILK_306EEC
2026-04-06T00:59:48.575 false: internet @ Sofo
2026-04-06T01:00:08.890 false: internet @ Tite
2026-04-06T01:00:13.971 false: internet @ TP-Link_DF0C
2026-04-06T01:00:30.891 false: internet @ TP-Link_E1D4
2026-04-06T01:00:38.155 false: internet @ Twilight Network
2026-04-06T01:00:44.002 false: samantha @ Goga
2026-04-06T01:00:50.898 false: samantha @ LEVANI
2026-04-06T01:00:55.981 false: samantha @ M A G T I
2026-04-06T01:01:07.243 false: samantha @ Natela
2026-04-06T01:01:27.732 false: samantha @ SILK_306EEC
2026-04-06T01:01:32.834 false: samantha @ Sofo
2026-04-06T01:01:49.775 false: samantha @ Tite
2026-04-06T01:01:57.181 false: samantha @ TP-Link_DF0C
2026-04-06T01:02:14.099 false: samantha @ TP-Link_E1D4
2026-04-06T01:02:21.344 false: samantha @ Twilight Network
2026-04-06T01:02:25.168 false: whatever @ Goga
2026-04-06T01:02:30.937 false: whatever @ LEVANI
2026-04-06T01:02:36.118 false: whatever @ M A G T I
2026-04-06T01:02:47.728 false: whatever @ Natela
2026-04-06T01:03:08.230 false: whatever @ SILK_306EEC
2026-04-06T01:03:14.970 false: whatever @ Sofo
2026-04-06T01:03:35.321 false: whatever @ Tite
2026-04-06T01:03:40.419 false: whatever @ TP-Link_DF0C
2026-04-06T01:03:57.388 false: whatever @ TP-Link_E1D4
2026-04-06T01:04:04.698 false: whatever @ Twilight Network
2026-04-06T01:04:08.569 false: maverick @ Goga
2026-04-06T01:04:12.470 false: maverick @ LEVANI
2026-04-06T01:04:16.360 false: maverick @ M A G T I
2026-04-06T01:04:20.262 false: maverick @ Natela
2026-04-06T01:04:37.182 false: maverick @ SILK_306EEC
2026-04-06T01:04:44.530 false: maverick @ Sofo
2026-04-06T01:05:01.473 false: maverick @ Tite
2026-04-06T01:05:08.801 false: maverick @ TP-Link_DF0C
2026-04-06T01:05:25.771 false: maverick @ TP-Link_E1D4
2026-04-06T01:05:32.848 false: maverick @ Twilight Network
2026-04-06T01:05:37.032 false: steelers @ Goga
2026-04-06T01:05:42.619 false: steelers @ LEVANI
2026-04-06T01:05:47.724 false: steelers @ M A G T I
2026-04-06T01:06:05.506 false: steelers @ Natela
2026-04-06T01:06:25.860 false: steelers @ SILK_306EEC
2026-04-06T01:06:31.974 false: steelers @ Sofo
2026-04-06T01:06:52.557 false: steelers @ Tite
2026-04-06T01:06:57.639 false: steelers @ TP-Link_DF0C
2026-04-06T01:07:14.547 false: steelers @ TP-Link_E1D4
2026-04-06T01:07:21.817 false: steelers @ Twilight Network
2026-04-06T01:07:25.706 false: mercedes @ Goga
2026-04-06T01:07:29.602 false: mercedes @ LEVANI
2026-04-06T01:07:33.491 false: mercedes @ M A G T I
2026-04-06T01:07:44.984 false: mercedes @ Natela
2026-04-06T01:08:06.060 false: mercedes @ SILK_306EEC
2026-04-06T01:08:11.065 false: mercedes @ Sofo
2026-04-06T01:08:28.053 false: mercedes @ Tite
2026-04-06T01:08:35.340 false: mercedes @ TP-Link_DF0C
2026-04-06T01:08:52.274 false: mercedes @ TP-Link_E1D4
2026-04-06T01:08:59.611 false: mercedes @ Twilight Network
2026-04-06T01:09:05.446 false: 123123123 @ Goga
2026-04-06T01:09:12.648 false: 123123123 @ LEVANI
2026-04-06T01:09:18.051 false: 123123123 @ M A G T I
2026-04-06T01:09:30.070 false: 123123123 @ Natela
2026-04-06T01:09:49.933 false: 123123123 @ SILK_306EEC
2026-04-06T01:09:56.416 false: 123123123 @ Sofo
2026-04-06T01:10:16.874 false: 123123123 @ Tite
2026-04-06T01:10:21.938 false: 123123123 @ TP-Link_DF0C
2026-04-06T01:10:38.874 false: 123123123 @ TP-Link_E1D4
2026-04-06T01:10:46.197 false: 123123123 @ Twilight Network
2026-04-06T01:10:50.101 false: qwer1234 @ Goga
2026-04-06T01:10:55.869 false: qwer1234 @ LEVANI
2026-04-06T01:11:01.068 false: qwer1234 @ M A G T I
2026-04-06T01:11:07.470 false: qwer1234 @ Natela
2026-04-06T01:11:28.078 false: qwer1234 @ SILK_306EEC
2026-04-06T01:11:34.639 false: qwer1234 @ Sofo
2026-04-06T01:11:54.901 false: qwer1234 @ Tite
2026-04-06T01:12:02.397 false: qwer1234 @ TP-Link_DF0C
2026-04-06T01:12:22.519 false: qwer1234 @ TP-Link_E1D4
2026-04-06T01:12:27.581 false: qwer1234 @ Twilight Network
2026-04-06T01:12:31.974 false: hardcore @ Goga
2026-04-06T01:12:46.829 false: hardcore @ LEVANI
2026-04-06T01:12:52.499 false: hardcore @ M A G T I
2026-04-06T01:13:10.014 false: hardcore @ Natela
2026-04-06T01:13:30.363 false: hardcore @ SILK_306EEC
2026-04-06T01:13:35.159 false: hardcore @ Sofo
2026-04-06T01:13:52.135 false: hardcore @ Tite
2026-04-06T01:13:59.551 false: hardcore @ TP-Link_DF0C
2026-04-06T01:14:16.492 false: hardcore @ TP-Link_E1D4
2026-04-06T01:14:23.803 false: hardcore @ Twilight Network
2026-04-06T01:14:27.688 false: q1w2e3r4 @ Goga
2026-04-06T01:14:31.493 false: q1w2e3r4 @ LEVANI
2026-04-06T01:14:35.358 false: q1w2e3r4 @ M A G T I
2026-04-06T01:14:47.682 false: q1w2e3r4 @ Natela
2026-04-06T01:15:08.080 false: q1w2e3r4 @ SILK_306EEC
2026-04-06T01:15:12.972 false: q1w2e3r4 @ Sofo
2026-04-06T01:15:29.885 false: q1w2e3r4 @ Tite
2026-04-06T01:15:37.234 false: q1w2e3r4 @ TP-Link_DF0C
2026-04-06T01:15:54.178 false: q1w2e3r4 @ TP-Link_E1D4
2026-04-06T01:16:01.509 false: q1w2e3r4 @ Twilight Network
2026-04-06T01:16:05.397 false: midnight @ Goga
2026-04-06T01:16:09.289 false: midnight @ LEVANI
2026-04-06T01:16:13.179 false: midnight @ M A G T I
2026-04-06T01:16:17.072 false: midnight @ Natela
2026-04-06T01:16:34.008 false: midnight @ SILK_306EEC
2026-04-06T01:16:42.938 false: midnight @ Sofo
2026-04-06T01:17:01.135 false: midnight @ Tite
2026-04-06T01:17:08.158 false: midnight @ TP-Link_DF0C
2026-04-06T01:17:25.077 false: midnight @ TP-Link_E1D4
2026-04-06T01:17:32.421 false: midnight @ Twilight Network
2026-04-06T01:17:36.328 false: bigdaddy @ Goga
2026-04-06T01:17:40.221 false: bigdaddy @ LEVANI
2026-04-06T01:17:44.114 false: bigdaddy @ M A G T I
2026-04-06T01:17:48.076 false: bigdaddy @ Natela
2026-04-06T01:18:09.174 false: bigdaddy @ SILK_306EEC
2026-04-06T01:18:15.614 false: bigdaddy @ Sofo
2026-04-06T01:18:36.355 false: bigdaddy @ Tite
2026-04-06T01:18:41.459 false: bigdaddy @ TP-Link_DF0C
2026-04-06T01:18:58.483 false: bigdaddy @ TP-Link_E1D4
2026-04-06T01:19:05.900 false: bigdaddy @ Twilight Network
2026-04-06T01:19:09.819 false: victoria @ Goga
2026-04-06T01:19:13.718 false: victoria @ LEVANI
2026-04-06T01:19:17.610 false: victoria @ M A G T I
2026-04-06T01:19:21.489 false: victoria @ Natela
2026-04-06T01:19:40.030 false: victoria @ SILK_306EEC
2026-04-06T01:19:48.481 false: victoria @ Sofo
2026-04-06T01:20:07.705 false: victoria @ Tite
2026-04-06T01:20:14.454 false: victoria @ TP-Link_DF0C
2026-04-06T01:20:31.513 false: victoria @ TP-Link_E1D4
2026-04-06T01:20:38.809 false: victoria @ Twilight Network
2026-04-06T01:20:42.605 false: 1q2w3e4r @ Goga
2026-04-06T01:20:46.396 false: 1q2w3e4r @ LEVANI
2026-04-06T01:20:50.270 false: 1q2w3e4r @ M A G T I
2026-04-06T01:20:56.163 false: 1q2w3e4r @ Natela
2026-04-06T01:21:17.252 false: 1q2w3e4r @ SILK_306EEC
2026-04-06T01:21:22.315 false: 1q2w3e4r @ Sofo
2026-04-06T01:21:39.224 false: 1q2w3e4r @ Tite
2026-04-06T01:21:46.522 false: 1q2w3e4r @ TP-Link_DF0C
2026-04-06T01:22:03.454 false: 1q2w3e4r @ TP-Link_E1D4
2026-04-06T01:22:10.854 false: 1q2w3e4r @ Twilight Network
2026-04-06T01:22:14.761 false: cocacola @ Goga
2026-04-06T01:22:18.606 false: cocacola @ LEVANI
2026-04-06T01:22:22.441 false: cocacola @ M A G T I
2026-04-06T01:22:26.324 false: cocacola @ Natela
2026-04-06T01:22:43.231 false: cocacola @ SILK_306EEC
2026-04-06T01:22:50.682 false: cocacola @ Sofo
2026-04-06T01:23:07.627 false: cocacola @ Tite
2026-04-06T01:23:15.056 false: cocacola @ TP-Link_DF0C
2026-04-06T01:23:31.985 false: cocacola @ TP-Link_E1D4
2026-04-06T01:23:39.352 false: cocacola @ Twilight Network
2026-04-06T01:23:43.236 false: marlboro @ Goga
2026-04-06T01:23:47.197 false: marlboro @ LEVANI
2026-04-06T01:23:51.122 false: marlboro @ M A G T I
2026-04-06T01:24:08.619 false: marlboro @ Natela
2026-04-06T01:24:18.008 false: marlboro @ SILK_306EEC
2026-04-06T01:24:23.185 false: marlboro @ Sofo
2026-04-06T01:24:27.315 false: marlboro @ Tite
2026-04-06T01:24:31.405 false: marlboro @ TP-Link_DF0C
2026-04-06T01:24:48.516 false: marlboro @ TP-Link_E1D4
2026-04-06T01:24:56.029 false: marlboro @ Twilight Network
2026-04-06T01:24:59.939 false: asdfasdf @ Goga
2026-04-06T01:25:03.832 false: asdfasdf @ LEVANI
2026-04-06T01:25:07.720 false: asdfasdf @ M A G T I
2026-04-06T01:25:24.925 false: asdfasdf @ Natela
2026-04-06T01:25:45.324 false: asdfasdf @ SILK_306EEC
2026-04-06T01:25:50.215 false: asdfasdf @ Sofo
2026-04-06T01:26:07.179 false: asdfasdf @ Tite
2026-04-06T01:26:14.569 false: asdfasdf @ TP-Link_DF0C
2026-04-06T01:26:31.470 false: asdfasdf @ TP-Link_E1D4
2026-04-06T01:26:38.833 false: asdfasdf @ Twilight Network
2026-04-06T01:26:44.322 false: 87654321 @ Goga
2026-04-06T01:26:57.061 false: 87654321 @ LEVANI
2026-04-06T01:27:04.137 false: 87654321 @ M A G T I
2026-04-06T01:27:09.957 false: 87654321 @ Natela
2026-04-06T01:27:28.293 false: 87654321 @ SILK_306EEC
2026-04-06T01:27:35.358 false: 87654321 @ Sofo
2026-04-06T01:27:52.339 false: 87654321 @ Tite
2026-04-06T01:27:59.648 false: 87654321 @ TP-Link_DF0C
2026-04-06T01:28:16.644 false: 87654321 @ TP-Link_E1D4
2026-04-06T01:28:23.918 false: 87654321 @ Twilight Network
2026-04-06T01:28:27.868 false: 12344321 @ Goga
2026-04-06T01:28:33.847 false: 12344321 @ LEVANI
2026-04-06T01:28:39.091 false: 12344321 @ M A G T I
2026-04-06T01:28:43.318 false: 12344321 @ Natela
2026-04-06T01:29:00.577 false: 12344321 @ SILK_306EEC
2026-04-06T01:29:09.869 false: 12344321 @ Sofo
2026-04-06T01:29:28.187 false: 12344321 @ Tite
2026-04-06T01:29:35.181 false: 12344321 @ TP-Link_DF0C
2026-04-06T01:29:52.101 false: 12344321 @ TP-Link_E1D4
2026-04-06T01:29:59.448 false: 12344321 @ Twilight Network
2026-04-06T01:30:03.351 false: jordan23 @ Goga
2026-04-06T01:30:09.065 false: jordan23 @ LEVANI
2026-04-06T01:30:14.325 false: jordan23 @ M A G T I
2026-04-06T01:30:32.510 false: jordan23 @ Natela
2026-04-06T01:30:52.843 false: jordan23 @ SILK_306EEC
2026-04-06T01:30:59.145 false: jordan23 @ Sofo
2026-04-06T01:31:19.841 false: jordan23 @ Tite
2026-04-06T01:31:24.965 false: jordan23 @ TP-Link_DF0C
2026-04-06T01:31:42.065 false: jordan23 @ TP-Link_E1D4
2026-04-06T01:31:49.435 false: jordan23 @ Twilight Network
2026-04-06T01:31:53.332 false: Password @ Goga
2026-04-06T01:32:10.597 false: Password @ LEVANI
2026-04-06T01:32:18.111 false: Password @ M A G T I
2026-04-06T01:32:35.220 false: Password @ Natela
2026-04-06T01:32:55.531 false: Password @ SILK_306EEC
2026-04-06T01:33:02.631 false: Password @ Sofo
2026-04-06T01:33:23.371 false: Password @ Tite
2026-04-06T01:33:28.461 false: Password @ TP-Link_DF0C
2026-04-06T01:33:45.364 false: Password @ TP-Link_E1D4
2026-04-06T01:33:52.729 false: Password @ Twilight Network
2026-04-06T01:33:56.623 false: jonathan @ Goga
2026-04-06T01:34:08.132 false: jonathan @ LEVANI
2026-04-06T01:34:17.641 false: jonathan @ M A G T I
2026-04-06T01:34:22.922 false: jonathan @ Natela
2026-04-06T01:34:40.164 false: jonathan @ SILK_306EEC
2026-04-06T01:34:47.513 false: jonathan @ Sofo
2026-04-06T01:35:04.456 false: jonathan @ Tite
2026-04-06T01:35:14.184 false: jonathan @ TP-Link_DF0C
2026-04-06T01:35:32.429 false: jonathan @ TP-Link_E1D4
2026-04-06T01:35:39.442 false: jonathan @ Twilight Network
2026-04-06T01:35:43.326 false: liverpoo @ Goga
2026-04-06T01:36:00.746 false: liverpoo @ LEVANI
2026-04-06T01:36:08.216 false: liverpoo @ M A G T I
2026-04-06T01:36:14.018 false: liverpoo @ Natela
2026-04-06T01:36:32.311 false: liverpoo @ SILK_306EEC
2026-04-06T01:36:40.563 false: liverpoo @ Sofo
2026-04-06T01:36:58.845 false: liverpoo @ Tite
2026-04-06T01:37:07.823 false: liverpoo @ TP-Link_DF0C
2026-04-06T01:37:26.059 false: liverpoo @ TP-Link_E1D4
2026-04-06T01:37:33.098 false: liverpoo @ Twilight Network
2026-04-06T01:37:36.994 false: danielle @ Goga
2026-04-06T01:37:48.673 false: danielle @ LEVANI
2026-04-06T01:37:56.339 false: danielle @ M A G T I
2026-04-06T01:38:00.486 false: danielle @ Natela
2026-04-06T01:38:17.708 false: danielle @ SILK_306EEC
2026-04-06T01:38:25.207 false: danielle @ Sofo
2026-04-06T01:38:42.149 false: danielle @ Tite
2026-04-06T01:38:49.506 false: danielle @ TP-Link_DF0C
2026-04-06T01:39:06.432 false: danielle @ TP-Link_E1D4
2026-04-06T01:39:13.751 false: danielle @ Twilight Network
2026-04-06T01:39:17.632 false: abcd1234 @ Goga
2026-04-06T01:39:30.858 false: abcd1234 @ LEVANI
2026-04-06T01:39:38.141 false: abcd1234 @ M A G T I
2026-04-06T01:39:44.214 false: abcd1234 @ Natela
2026-04-06T01:40:02.436 false: abcd1234 @ SILK_306EEC
2026-04-06T01:40:09.365 false: abcd1234 @ Sofo
2026-04-06T01:40:26.301 false: abcd1234 @ Tite
2026-04-06T01:40:33.610 false: abcd1234 @ TP-Link_DF0C
2026-04-06T01:40:50.520 false: abcd1234 @ TP-Link_E1D4
2026-04-06T01:40:57.802 false: abcd1234 @ Twilight Network
2026-04-06T01:41:01.681 false: scorpion @ Goga
2026-04-06T01:41:13.498 false: scorpion @ LEVANI
2026-04-06T01:41:20.441 false: scorpion @ M A G T I
2026-04-06T01:41:24.316 false: scorpion @ Natela
2026-04-06T01:41:41.137 false: scorpion @ SILK_306EEC
2026-04-06T01:41:48.568 false: scorpion @ Sofo
2026-04-06T01:42:05.548 false: scorpion @ Tite
2026-04-06T01:42:12.943 false: scorpion @ TP-Link_DF0C
2026-04-06T01:42:29.883 false: scorpion @ TP-Link_E1D4
2026-04-06T01:42:37.242 false: scorpion @ Twilight Network
2026-04-06T01:42:41.127 false: qazwsxedc @ Goga
2026-04-06T01:42:45.009 false: qazwsxedc @ LEVANI
2026-04-06T01:42:48.883 false: qazwsxedc @ M A G T I
2026-04-06T01:42:52.698 false: qazwsxedc @ Natela
2026-04-06T01:43:13.701 false: qazwsxedc @ SILK_306EEC
2026-04-06T01:43:20.914 false: qazwsxedc @ Sofo
2026-04-06T01:43:41.660 false: qazwsxedc @ Tite
2026-04-06T01:43:46.763 false: qazwsxedc @ TP-Link_DF0C
2026-04-06T01:44:03.670 false: qazwsxedc @ TP-Link_E1D4
2026-04-06T01:44:11.022 false: qazwsxedc @ Twilight Network
2026-04-06T01:44:14.925 false: password1 @ Goga
2026-04-06T01:44:26.339 false: password1 @ LEVANI
2026-04-06T01:44:33.990 false: password1 @ M A G T I
2026-04-06T01:44:38.115 false: password1 @ Natela
2026-04-06T01:44:55.233 false: password1 @ SILK_306EEC
2026-04-06T01:45:02.638 false: password1 @ Sofo
2026-04-06T01:45:19.581 false: password1 @ Tite
2026-04-06T01:45:26.909 false: password1 @ TP-Link_DF0C
2026-04-06T01:45:43.798 false: password1 @ TP-Link_E1D4
2026-04-06T01:45:51.164 false: password1 @ Twilight Network
2026-04-06T01:45:55.048 false: slipknot @ Goga
2026-04-06T01:45:58.862 false: slipknot @ LEVANI
2026-04-06T01:46:02.753 false: slipknot @ M A G T I
2026-04-06T01:46:06.650 false: slipknot @ Natela
2026-04-06T01:46:23.591 false: slipknot @ SILK_306EEC
2026-04-06T01:46:31.017 false: slipknot @ Sofo
2026-04-06T01:46:47.956 false: slipknot @ Tite
2026-04-06T01:46:55.284 false: slipknot @ TP-Link_DF0C
2026-04-06T01:47:12.185 false: slipknot @ TP-Link_E1D4
2026-04-06T01:47:19.452 false: slipknot @ Twilight Network
2026-04-06T01:47:23.334 false: qwerty123 @ Goga
2026-04-06T01:47:27.219 false: qwerty123 @ LEVANI
2026-04-06T01:47:31.099 false: qwerty123 @ M A G T I
2026-04-06T01:47:34.914 false: qwerty123 @ Natela
2026-04-06T01:47:51.823 false: qwerty123 @ SILK_306EEC
2026-04-06T01:48:00.574 false: qwerty123 @ Sofo
2026-04-06T01:48:18.781 false: qwerty123 @ Tite
2026-04-06T01:48:25.701 false: qwerty123 @ TP-Link_DF0C
2026-04-06T01:48:42.595 false: qwerty123 @ TP-Link_E1D4
2026-04-06T01:48:49.962 false: qwerty123 @ Twilight Network
2026-04-06T01:48:53.843 false: startrek @ Goga
2026-04-06T01:48:57.726 false: startrek @ LEVANI
2026-04-06T01:49:01.547 false: startrek @ M A G T I
2026-04-06T01:49:07.080 false: startrek @ Natela
2026-04-06T01:49:28.096 false: startrek @ SILK_306EEC
2026-04-06T01:49:34.619 false: startrek @ Sofo
2026-04-06T01:49:54.828 false: startrek @ Tite
2026-04-06T01:49:59.920 false: startrek @ TP-Link_DF0C
2026-04-06T01:50:16.913 false: startrek @ TP-Link_E1D4
2026-04-06T01:50:24.272 false: startrek @ Twilight Network
2026-04-06T01:50:28.158 false: 12341234 @ Goga
2026-04-06T01:50:39.549 false: 12341234 @ LEVANI
2026-04-06T01:50:46.583 false: 12341234 @ M A G T I
2026-04-06T01:50:52.146 false: 12341234 @ Natela
2026-04-06T01:51:10.320 false: 12341234 @ SILK_306EEC
2026-04-06T01:51:18.876 false: 12341234 @ Sofo
2026-04-06T01:51:37.115 false: 12341234 @ Tite
2026-04-06T01:51:44.134 false: 12341234 @ TP-Link_DF0C
2026-04-06T01:52:01.110 false: 12341234 @ TP-Link_E1D4
2026-04-06T01:52:08.431 false: 12341234 @ Twilight Network
2026-04-06T01:52:12.316 false: redskins @ Goga
2026-04-06T01:52:24.199 false: redskins @ LEVANI
2026-04-06T01:52:31.891 false: redskins @ M A G T I
2026-04-06T01:52:43.295 false: redskins @ Natela
2026-04-06T01:53:01.502 false: redskins @ SILK_306EEC
2026-04-06T01:53:08.528 false: redskins @ Sofo
2026-04-06T01:53:25.453 false: redskins @ Tite
2026-04-06T01:53:32.810 false: redskins @ TP-Link_DF0C
2026-04-06T01:53:49.706 false: redskins @ TP-Link_E1D4
2026-04-06T01:53:57.070 false: redskins @ Twilight Network
2026-04-06T01:54:00.968 false: butthead @ Goga
2026-04-06T01:54:08.076 false: butthead @ LEVANI
2026-04-06T01:54:13.174 false: butthead @ M A G T I
2026-04-06T01:54:18.592 false: butthead @ Natela
2026-04-06T01:54:39.180 false: butthead @ SILK_306EEC
2026-04-06T01:54:44.305 false: butthead @ Sofo
2026-04-06T01:55:01.364 false: butthead @ Tite
2026-04-06T01:55:10.079 false: butthead @ TP-Link_DF0C
2026-04-06T01:55:28.292 false: butthead @ TP-Link_E1D4
2026-04-06T01:55:35.273 false: butthead @ Twilight Network
2026-04-06T01:55:39.165 false: asdfghjkl @ Goga
2026-04-06T01:55:45.587 false: asdfghjkl @ LEVANI
2026-04-06T01:55:50.758 false: asdfghjkl @ M A G T I
2026-04-06T01:56:08.129 false: asdfghjkl @ Natela
2026-04-06T01:56:28.458 false: asdfghjkl @ SILK_306EEC
2026-04-06T01:56:33.255 false: asdfghjkl @ Sofo
2026-04-06T01:56:50.161 false: asdfghjkl @ Tite
2026-04-06T01:56:57.575 false: asdfghjkl @ TP-Link_DF0C
2026-04-06T01:57:14.521 false: asdfghjkl @ TP-Link_E1D4
2026-04-06T01:57:21.875 false: asdfghjkl @ Twilight Network
2026-04-06T01:57:25.779 false: qwertyui @ Goga
2026-04-06T01:57:29.737 false: qwertyui @ LEVANI
2026-04-06T01:57:33.635 false: qwertyui @ M A G T I
2026-04-06T01:57:44.835 false: qwertyui @ Natela
2026-04-06T01:58:05.337 false: qwertyui @ SILK_306EEC
2026-04-06T01:58:10.292 false: qwertyui @ Sofo
2026-04-06T01:58:27.247 false: qwertyui @ Tite
2026-04-06T01:58:34.657 false: qwertyui @ TP-Link_DF0C
2026-04-06T01:58:51.507 false: qwertyui @ TP-Link_E1D4
2026-04-06T01:58:58.834 false: qwertyui @ Twilight Network
2026-04-06T01:59:02.738 false: liverpool @ Goga
2026-04-06T01:59:06.632 false: liverpool @ LEVANI
2026-04-06T01:59:10.521 false: liverpool @ M A G T I
2026-04-06T01:59:15.801 false: liverpool @ Natela
2026-04-06T01:59:36.889 false: liverpool @ SILK_306EEC
2026-04-06T01:59:43.765 false: liverpool @ Sofo
2026-04-06T02:00:03.924 false: liverpool @ Tite
2026-04-06T02:00:10.893 false: liverpool @ TP-Link_DF0C
2026-04-06T02:00:31.132 false: liverpool @ TP-Link_E1D4
2026-04-06T02:00:36.248 false: liverpool @ Twilight Network
2026-04-06T02:00:40.128 false: dolphins @ Goga
2026-04-06T02:00:51.177 false: dolphins @ LEVANI
2026-04-06T02:00:58.363 false: dolphins @ M A G T I
2026-04-06T02:01:15.863 false: dolphins @ Natela
2026-04-06T02:01:36.187 false: dolphins @ SILK_306EEC
2026-04-06T02:01:40.955 false: dolphins @ Sofo
2026-04-06T02:01:57.863 false: dolphins @ Tite
2026-04-06T02:02:05.214 false: dolphins @ TP-Link_DF0C
2026-04-06T02:02:22.106 false: dolphins @ TP-Link_E1D4
2026-04-06T02:02:29.470 false: dolphins @ Twilight Network
2026-04-06T02:02:33.285 false: nicholas @ Goga
2026-04-06T02:02:37.177 false: nicholas @ LEVANI
2026-04-06T02:02:41.067 false: nicholas @ M A G T I
2026-04-06T02:02:58.165 false: nicholas @ Natela
2026-04-06T02:03:18.571 false: nicholas @ SILK_306EEC
2026-04-06T02:03:23.361 false: nicholas @ Sofo
2026-04-06T02:03:40.374 false: nicholas @ Tite
2026-04-06T02:03:47.633 false: nicholas @ TP-Link_DF0C
2026-04-06T02:04:04.541 false: nicholas @ TP-Link_E1D4
2026-04-06T02:04:11.794 false: nicholas @ Twilight Network
2026-04-06T02:04:15.672 false: elephant @ Goga
2026-04-06T02:04:19.550 false: elephant @ LEVANI
2026-04-06T02:04:23.443 false: elephant @ M A G T I
2026-04-06T02:04:40.474 false: elephant @ Natela
2026-04-06T02:05:00.850 false: elephant @ SILK_306EEC
2026-04-06T02:05:06.975 false: elephant @ Sofo
2026-04-06T02:05:27.674 false: elephant @ Tite
2026-04-06T02:05:32.800 false: elephant @ TP-Link_DF0C
2026-04-06T02:05:49.717 false: elephant @ TP-Link_E1D4
2026-04-06T02:05:57.049 false: elephant @ Twilight Network
2026-04-06T02:06:00.952 false: mountain @ Goga
2026-04-06T02:06:12.473 false: mountain @ LEVANI
2026-04-06T02:06:19.487 false: mountain @ M A G T I
2026-04-06T02:06:36.848 false: mountain @ Natela
2026-04-06T02:06:57.238 false: mountain @ SILK_306EEC
2026-04-06T02:07:03.556 false: mountain @ Sofo
2026-04-06T02:07:24.198 false: mountain @ Tite
2026-04-06T02:07:31.172 false: mountain @ TP-Link_DF0C
2026-04-06T02:07:51.417 false: mountain @ TP-Link_E1D4
2026-04-06T02:07:56.461 false: mountain @ Twilight Network
2026-04-06T02:08:00.364 false: xxxxxxxx @ Goga
2026-04-06T02:08:11.666 false: xxxxxxxx @ LEVANI
2026-04-06T02:08:19.108 false: xxxxxxxx @ M A G T I
2026-04-06T02:08:36.608 false: xxxxxxxx @ Natela
2026-04-06T02:08:56.985 false: xxxxxxxx @ SILK_306EEC
2026-04-06T02:09:01.797 false: xxxxxxxx @ Sofo
2026-04-06T02:09:18.774 false: xxxxxxxx @ Tite
2026-04-06T02:09:26.070 false: xxxxxxxx @ TP-Link_DF0C
2026-04-06T02:09:42.976 false: xxxxxxxx @ TP-Link_E1D4
2026-04-06T02:09:50.344 false: xxxxxxxx @ Twilight Network
2026-04-06T02:09:54.226 false: 1q2w3e4r5t @ Goga
2026-04-06T02:10:11.514 false: 1q2w3e4r5t @ LEVANI
2026-04-06T02:10:18.909 false: 1q2w3e4r5t @ M A G T I
2026-04-06T02:10:36.309 false: 1q2w3e4r5t @ Natela
2026-04-06T02:10:56.616 false: 1q2w3e4r5t @ SILK_306EEC
2026-04-06T02:11:01.418 false: 1q2w3e4r5t @ Sofo
2026-04-06T02:11:05.392 false: 1q2w3e4r5t @ Tite
2026-04-06T02:11:10.773 false: 1q2w3e4r5t @ TP-Link_DF0C
2026-04-06T02:11:31.236 false: 1q2w3e4r5t @ TP-Link_E1D4
2026-04-06T02:11:36.322 false: 1q2w3e4r5t @ Twilight Network
2026-04-06T02:11:40.203 false: metallic @ Goga
2026-04-06T02:11:57.395 false: metallic @ LEVANI
2026-04-06T02:12:05.299 false: metallic @ M A G T I
2026-04-06T02:12:23.223 false: metallic @ Natela
2026-04-06T02:12:43.233 false: metallic @ SILK_306EEC
2026-04-06T02:12:48.007 false: metallic @ Sofo
2026-04-06T02:13:04.923 false: metallic @ Tite
2026-04-06T02:13:14.472 false: metallic @ TP-Link_DF0C
2026-04-06T02:13:32.682 false: metallic @ TP-Link_E1D4
2026-04-06T02:13:39.717 false: metallic @ Twilight Network
2026-04-06T02:13:43.597 false: shithead @ Goga
2026-04-06T02:14:00.827 false: shithead @ LEVANI
2026-04-06T02:14:08.259 false: shithead @ M A G T I
2026-04-06T02:14:12.179 false: shithead @ Natela
2026-04-06T02:14:29.107 false: shithead @ SILK_306EEC
2026-04-06T02:14:36.555 false: shithead @ Sofo
2026-04-06T02:14:53.522 false: shithead @ Tite
2026-04-06T02:15:00.820 false: shithead @ TP-Link_DF0C
2026-04-06T02:15:17.725 false: shithead @ TP-Link_E1D4
2026-04-06T02:15:24.987 false: shithead @ Twilight Network
2026-04-06T02:15:28.870 false: benjamin @ Goga
2026-04-06T02:15:45.962 false: benjamin @ LEVANI
2026-04-06T02:15:53.349 false: benjamin @ M A G T I
2026-04-06T02:15:58.854 false: benjamin @ Natela
2026-04-06T02:16:17.030 false: benjamin @ SILK_306EEC
2026-04-06T02:16:25.553 false: benjamin @ Sofo
2026-04-06T02:16:43.760 false: benjamin @ Tite
2026-04-06T02:16:50.695 false: benjamin @ TP-Link_DF0C
2026-04-06T02:17:07.597 false: benjamin @ TP-Link_E1D4
2026-04-06T02:17:14.960 false: benjamin @ Twilight Network
2026-04-06T02:17:18.857 false: creative @ Goga
2026-04-06T02:17:36.173 false: creative @ LEVANI
2026-04-06T02:17:43.534 false: creative @ M A G T I
2026-04-06T02:17:49.037 false: creative @ Natela
2026-04-06T02:18:07.223 false: creative @ SILK_306EEC
2026-04-06T02:18:14.237 false: creative @ Sofo
2026-04-06T02:18:31.152 false: creative @ Tite
2026-04-06T02:18:38.428 false: creative @ TP-Link_DF0C
2026-04-06T02:18:55.373 false: creative @ TP-Link_E1D4
2026-04-06T02:19:02.764 false: creative @ Twilight Network
2026-04-06T02:19:06.583 false: rush2112 @ Goga
2026-04-06T02:19:17.946 false: rush2112 @ LEVANI
2026-04-06T02:19:24.910 false: rush2112 @ M A G T I
2026-04-06T02:19:36.372 false: rush2112 @ Natela
2026-04-06T02:19:54.219 false: rush2112 @ SILK_306EEC
2026-04-06T02:20:01.245 false: rush2112 @ Sofo
2026-04-06T02:20:18.177 false: rush2112 @ Tite
2026-04-06T02:20:25.516 false: rush2112 @ TP-Link_DF0C
2026-04-06T02:20:42.416 false: rush2112 @ TP-Link_E1D4
2026-04-06T02:20:49.719 false: rush2112 @ Twilight Network
2026-04-06T02:20:53.595 false: asdfghjk @ Goga
2026-04-06T02:21:04.904 false: asdfghjk @ LEVANI
2026-04-06T02:21:13.732 false: asdfghjk @ M A G T I
2026-04-06T02:21:32.223 false: asdfghjk @ Natela
2026-04-06T02:21:52.215 false: asdfghjk @ SILK_306EEC
2026-04-06T02:21:58.893 false: asdfghjk @ Sofo
2026-04-06T02:22:19.722 false: asdfghjk @ Tite
2026-04-06T02:22:26.969 false: asdfghjk @ TP-Link_DF0C
2026-04-06T02:22:47.130 false: asdfghjk @ TP-Link_E1D4
2026-04-06T02:22:52.259 false: asdfghjk @ Twilight Network
2026-04-06T02:22:56.133 false: 4815162342 @ Goga
2026-04-06T02:22:59.952 false: 4815162342 @ LEVANI
2026-04-06T02:23:03.836 false: 4815162342 @ M A G T I
2026-04-06T02:23:21.061 false: 4815162342 @ Natela
2026-04-06T02:23:41.464 false: 4815162342 @ SILK_306EEC
2026-04-06T02:23:46.238 false: 4815162342 @ Sofo
2026-04-06T02:24:03.285 false: 4815162342 @ Tite
2026-04-06T02:24:12.424 false: 4815162342 @ TP-Link_DF0C
2026-04-06T02:24:30.715 false: 4815162342 @ TP-Link_E1D4
2026-04-06T02:24:37.640 false: 4815162342 @ Twilight Network
2026-04-06T02:24:41.508 false: passw0rd @ Goga
2026-04-06T02:24:52.943 false: passw0rd @ LEVANI
2026-04-06T02:25:00.402 false: passw0rd @ M A G T I
2026-04-06T02:25:13.964 false: passw0rd @ Natela
2026-04-06T02:25:32.040 false: passw0rd @ SILK_306EEC
2026-04-06T02:25:38.777 false: passw0rd @ Sofo
2026-04-06T02:25:55.722 false: passw0rd @ Tite
2026-04-06T02:26:03.049 false: passw0rd @ TP-Link_DF0C
2026-04-06T02:26:20.032 false: passw0rd @ TP-Link_E1D4
2026-04-06T02:26:27.419 false: passw0rd @ Twilight Network
2026-04-06T02:26:31.316 false: bullshit @ Goga
2026-04-06T02:26:35.206 false: bullshit @ LEVANI
2026-04-06T02:26:39.095 false: bullshit @ M A G T I
2026-04-06T02:26:56.338 false: bullshit @ Natela
2026-04-06T02:27:16.865 false: bullshit @ SILK_306EEC
2026-04-06T02:27:21.806 false: bullshit @ Sofo
2026-04-06T02:27:38.835 false: bullshit @ Tite
2026-04-06T02:27:47.803 false: bullshit @ TP-Link_DF0C
2026-04-06T02:28:06.041 false: bullshit @ TP-Link_E1D4
2026-04-06T02:28:13.114 false: bullshit @ Twilight Network
2026-04-06T02:28:17.052 false: 1qazxsw2 @ Goga
2026-04-06T02:28:28.556 false: 1qazxsw2 @ LEVANI
2026-04-06T02:28:35.627 false: 1qazxsw2 @ M A G T I
2026-04-06T02:28:49.274 false: 1qazxsw2 @ Natela
2026-04-06T02:29:07.381 false: 1qazxsw2 @ SILK_306EEC
2026-04-06T02:29:14.129 false: 1qazxsw2 @ Sofo
2026-04-06T02:29:31.111 false: 1qazxsw2 @ Tite
2026-04-06T02:29:40.457 false: 1qazxsw2 @ TP-Link_DF0C
2026-04-06T02:29:58.699 false: 1qazxsw2 @ TP-Link_E1D4
2026-04-06T02:30:05.738 false: 1qazxsw2 @ Twilight Network
2026-04-06T02:30:09.634 false: garfield @ Goga
2026-04-06T02:30:13.524 false: garfield @ LEVANI
2026-04-06T02:30:19.306 false: garfield @ M A G T I
2026-04-06T02:30:38.590 false: garfield @ Natela
2026-04-06T02:30:58.347 false: garfield @ SILK_306EEC
2026-04-06T02:31:03.498 false: garfield @ Sofo
2026-04-06T02:31:20.542 false: garfield @ Tite
2026-04-06T02:31:27.953 false: garfield @ TP-Link_DF0C
2026-04-06T02:31:44.873 false: garfield @ TP-Link_E1D4
2026-04-06T02:31:52.231 false: garfield @ Twilight Network
2026-04-06T02:31:56.133 false: 01012011 @ Goga
2026-04-06T02:32:01.649 false: 01012011 @ LEVANI
2026-04-06T02:32:06.884 false: 01012011 @ M A G T I
2026-04-06T02:32:11.088 false: 01012011 @ Natela
2026-04-06T02:32:28.347 false: 01012011 @ SILK_306EEC
2026-04-06T02:32:35.759 false: 01012011 @ Sofo
2026-04-06T02:32:52.723 false: 01012011 @ Tite
2026-04-06T02:33:01.906 false: 01012011 @ TP-Link_DF0C
2026-04-06T02:33:20.278 false: 01012011 @ TP-Link_E1D4
2026-04-06T02:33:27.341 false: 01012011 @ Twilight Network
2026-04-06T02:33:31.270 false: 69696969 @ Goga
2026-04-06T02:33:36.758 false: 69696969 @ LEVANI
2026-04-06T02:33:41.920 false: 69696969 @ M A G T I
2026-04-06T02:33:46.129 false: 69696969 @ Natela
2026-04-06T02:34:03.365 false: 69696969 @ SILK_306EEC
2026-04-06T02:34:10.787 false: 69696969 @ Sofo
2026-04-06T02:34:27.753 false: 69696969 @ Tite
2026-04-06T02:34:35.154 false: 69696969 @ TP-Link_DF0C
2026-04-06T02:34:52.081 false: 69696969 @ TP-Link_E1D4
2026-04-06T02:34:59.406 false: 69696969 @ Twilight Network
2026-04-06T02:35:03.315 false: december @ Goga
2026-04-06T02:35:07.208 false: december @ LEVANI
2026-04-06T02:35:13.011 false: december @ M A G T I
2026-04-06T02:35:32.413 false: december @ Natela
2026-04-06T02:35:52.094 false: december @ SILK_306EEC
2026-04-06T02:35:59.074 false: december @ Sofo
2026-04-06T02:36:19.346 false: december @ Tite
2026-04-06T02:36:24.424 false: december @ TP-Link_DF0C
2026-04-06T02:36:41.329 false: december @ TP-Link_E1D4
2026-04-06T02:36:48.689 false: december @ Twilight Network
2026-04-06T02:36:52.577 false: 11223344 @ Goga
2026-04-06T02:37:04.086 false: 11223344 @ LEVANI
2026-04-06T02:37:12.850 false: 11223344 @ M A G T I
2026-04-06T02:37:18.095 false: 11223344 @ Natela
2026-04-06T02:37:35.372 false: 11223344 @ SILK_306EEC
2026-04-06T02:37:42.732 false: 11223344 @ Sofo
2026-04-06T02:37:59.691 false: 11223344 @ Tite
2026-04-06T02:38:08.376 false: 11223344 @ TP-Link_DF0C
2026-04-06T02:38:26.637 false: 11223344 @ TP-Link_E1D4
2026-04-06T02:38:33.640 false: 11223344 @ Twilight Network
2026-04-06T02:38:37.534 false: godzilla @ Goga
2026-04-06T02:38:41.411 false: godzilla @ LEVANI
2026-04-06T02:38:45.305 false: godzilla @ M A G T I
2026-04-06T02:38:57.569 false: godzilla @ Natela
2026-04-06T02:39:18.094 false: godzilla @ SILK_306EEC
2026-04-06T02:39:23.019 false: godzilla @ Sofo
2026-04-06T02:39:39.938 false: godzilla @ Tite
2026-04-06T02:39:47.293 false: godzilla @ TP-Link_DF0C
2026-04-06T02:40:04.272 false: godzilla @ TP-Link_E1D4
2026-04-06T02:40:11.643 false: godzilla @ Twilight Network
2026-04-06T02:40:15.530 false: airborne @ Goga
2026-04-06T02:40:21.262 false: airborne @ LEVANI
2026-04-06T02:40:26.485 false: airborne @ M A G T I
2026-04-06T02:40:43.900 false: airborne @ Natela
2026-04-06T02:41:04.302 false: airborne @ SILK_306EEC
2026-04-06T02:41:09.100 false: airborne @ Sofo
2026-04-06T02:41:26.035 false: airborne @ Tite
2026-04-06T02:41:46.801 false: airborne @ TP-Link_DF0C
2026-04-06T02:42:04.923 false: airborne @ TP-Link_E1D4
2026-04-06T02:42:11.664 false: airborne @ Twilight Network
2026-04-06T02:42:15.558 false: lifehack @ Goga
2026-04-06T02:42:21.084 false: lifehack @ LEVANI
2026-04-06T02:42:26.636 false: lifehack @ M A G T I
2026-04-06T02:42:38.018 false: lifehack @ Natela
2026-04-06T02:42:58.184 false: lifehack @ SILK_306EEC
2026-04-06T02:43:03.296 false: lifehack @ Sofo
2026-04-06T02:43:20.316 false: lifehack @ Tite
2026-04-06T02:43:27.728 false: lifehack @ TP-Link_DF0C
2026-04-06T02:43:44.622 false: lifehack @ TP-Link_E1D4
2026-04-06T02:43:51.933 false: lifehack @ Twilight Network
2026-04-06T02:43:55.883 false: brooklyn @ Goga
2026-04-06T02:44:01.474 false: brooklyn @ LEVANI
2026-04-06T02:44:08.569 false: brooklyn @ M A G T I
2026-04-06T02:44:17.681 false: brooklyn @ Natela
2026-04-06T02:44:35.971 false: brooklyn @ SILK_306EEC
2026-04-06T02:44:43.006 false: brooklyn @ Sofo
2026-04-06T02:44:59.962 false: brooklyn @ Tite
2026-04-06T02:45:07.373 false: brooklyn @ TP-Link_DF0C
2026-04-06T02:45:24.370 false: brooklyn @ TP-Link_E1D4
2026-04-06T02:45:31.744 false: brooklyn @ Twilight Network
2026-04-06T02:45:35.656 false: platinum @ Goga
2026-04-06T02:45:47.420 false: platinum @ LEVANI
2026-04-06T02:45:56.940 false: platinum @ M A G T I
2026-04-06T02:46:15.522 false: platinum @ Natela
2026-04-06T02:46:35.584 false: platinum @ SILK_306EEC
2026-04-06T02:46:40.377 false: platinum @ Sofo
2026-04-06T02:46:57.471 false: platinum @ Tite
2026-04-06T02:47:06.765 false: platinum @ TP-Link_DF0C
2026-04-06T02:47:25.071 false: platinum @ TP-Link_E1D4
2026-04-06T02:47:32.065 false: platinum @ Twilight Network
2026-04-06T02:47:35.969 false: darkness @ Goga
2026-04-06T02:47:39.867 false: darkness @ LEVANI
2026-04-06T02:47:45.876 false: darkness @ M A G T I
2026-04-06T02:48:04.877 false: darkness @ Natela
2026-04-06T02:48:24.631 false: darkness @ SILK_306EEC
2026-04-06T02:48:31.478 false: darkness @ Sofo
2026-04-06T02:48:51.864 false: darkness @ Tite
2026-04-06T02:48:56.971 false: darkness @ TP-Link_DF0C
2026-04-06T02:49:13.875 false: darkness @ TP-Link_E1D4
2026-04-06T02:49:21.228 false: darkness @ Twilight Network
2026-04-06T02:49:25.136 false: blink182 @ Goga
2026-04-06T02:49:30.771 false: blink182 @ LEVANI
2026-04-06T02:49:35.903 false: blink182 @ M A G T I
2026-04-06T02:49:47.080 false: blink182 @ Natela
2026-04-06T02:50:07.651 false: blink182 @ SILK_306EEC
2026-04-06T02:50:12.751 false: blink182 @ Sofo
2026-04-06T02:50:29.746 false: blink182 @ Tite
2026-04-06T02:50:37.121 false: blink182 @ TP-Link_DF0C
2026-04-06T02:50:54.020 false: blink182 @ TP-Link_E1D4
2026-04-06T02:51:01.385 false: blink182 @ Twilight Network
2026-04-06T02:51:05.285 false: 789456123 @ Goga
2026-04-06T02:51:16.989 false: 789456123 @ LEVANI
2026-04-06T02:51:24.041 false: 789456123 @ M A G T I
2026-04-06T02:51:41.098 false: 789456123 @ Natela
2026-04-06T02:52:01.517 false: 789456123 @ SILK_306EEC
2026-04-06T02:52:08.096 false: 789456123 @ Sofo
2026-04-06T02:52:28.569 false: 789456123 @ Tite
2026-04-06T02:52:33.662 false: 789456123 @ TP-Link_DF0C
2026-04-06T02:52:50.723 false: 789456123 @ TP-Link_E1D4
2026-04-06T02:52:58.129 false: 789456123 @ Twilight Network
2026-04-06T02:53:02.028 false: 12qwaszx @ Goga
2026-04-06T02:53:05.913 false: 12qwaszx @ LEVANI
2026-04-06T02:53:09.801 false: 12qwaszx @ M A G T I
2026-04-06T02:53:27.000 false: 12qwaszx @ Natela
2026-04-06T02:53:47.547 false: 12qwaszx @ SILK_306EEC
2026-04-06T02:53:52.605 false: 12qwaszx @ Sofo
2026-04-06T02:54:09.530 false: 12qwaszx @ Tite
2026-04-06T02:54:18.863 false: 12qwaszx @ TP-Link_DF0C
2026-04-06T02:54:37.208 false: 12qwaszx @ TP-Link_E1D4
2026-04-06T02:54:44.214 false: 12qwaszx @ Twilight Network
2026-04-06T02:54:48.109 false: snowball @ Goga
2026-04-06T02:54:53.727 false: snowball @ LEVANI
2026-04-06T02:54:58.956 false: snowball @ M A G T I
2026-04-06T02:55:04.977 false: snowball @ Natela
2026-04-06T02:55:25.604 false: snowball @ SILK_306EEC
2026-04-06T02:55:30.706 false: snowball @ Sofo
2026-04-06T02:55:47.655 false: snowball @ Tite
2026-04-06T02:55:55.053 false: snowball @ TP-Link_DF0C
2026-04-06T02:56:12.007 false: snowball @ TP-Link_E1D4
2026-04-06T02:56:19.426 false: snowball @ Twilight Network
2026-04-06T02:56:23.343 false: pakistan @ Goga
2026-04-06T02:56:27.234 false: pakistan @ LEVANI
2026-04-06T02:56:31.190 false: pakistan @ M A G T I
2026-04-06T02:56:48.228 false: pakistan @ Natela
2026-04-06T02:57:08.636 false: pakistan @ SILK_306EEC
2026-04-06T02:57:15.582 false: pakistan @ Sofo
2026-04-06T02:57:35.984 false: pakistan @ Tite
2026-04-06T02:57:41.066 false: pakistan @ TP-Link_DF0C
2026-04-06T02:57:58.008 false: pakistan @ TP-Link_E1D4
2026-04-06T02:58:05.446 false: pakistan @ Twilight Network
2026-04-06T02:58:09.410 false: redwings @ Goga
2026-04-06T02:58:15.197 false: redwings @ LEVANI
2026-04-06T02:58:20.398 false: redwings @ M A G T I
2026-04-06T02:58:31.779 false: redwings @ Natela
2026-04-06T02:58:51.757 false: redwings @ SILK_306EEC
2026-04-06T02:58:56.531 false: redwings @ Sofo
2026-04-06T02:59:13.539 false: redwings @ Tite
2026-04-06T02:59:20.803 false: redwings @ TP-Link_DF0C
2026-04-06T02:59:37.708 false: redwings @ TP-Link_E1D4
2026-04-06T02:59:45.070 false: redwings @ Twilight Network
2026-04-06T02:59:49.036 false: williams @ Goga
2026-04-06T02:59:54.677 false: williams @ LEVANI
2026-04-06T03:00:02.145 false: williams @ M A G T I
2026-04-06T03:00:16.825 false: williams @ Natela
2026-04-06T03:00:34.998 false: williams @ SILK_306EEC
2026-04-06T03:00:47.339 false: williams @ Sofo
2026-04-06T03:01:05.169 false: williams @ Tite
2026-04-06T03:01:12.215 false: williams @ TP-Link_DF0C
2026-04-06T03:01:29.127 false: williams @ TP-Link_E1D4
2026-04-06T03:01:36.384 false: williams @ Twilight Network
2026-04-06T03:01:40.262 false: nintendo @ Goga
2026-04-06T03:01:57.770 false: nintendo @ LEVANI
2026-04-06T03:02:05.246 false: nintendo @ M A G T I
2026-04-06T03:02:22.372 false: nintendo @ Natela
2026-04-06T03:02:42.818 false: nintendo @ SILK_306EEC
2026-04-06T03:02:49.665 false: nintendo @ Sofo
2026-04-06T03:03:10.170 false: nintendo @ Tite
2026-04-06T03:03:16.892 false: nintendo @ TP-Link_DF0C
2026-04-06T03:03:37.127 false: nintendo @ TP-Link_E1D4
2026-04-06T03:03:42.231 false: nintendo @ Twilight Network
2026-04-06T03:03:46.200 false: guinness @ Goga
2026-04-06T03:03:58.208 false: guinness @ LEVANI
2026-04-06T03:04:07.715 false: guinness @ M A G T I
2026-04-06T03:04:20.634 false: guinness @ Natela
2026-04-06T03:04:40.708 false: guinness @ SILK_306EEC
2026-04-06T03:04:45.523 false: guinness @ Sofo
2026-04-06T03:05:02.441 false: guinness @ Tite
2026-04-06T03:05:17.734 false: guinness @ TP-Link_DF0C
2026-04-06T03:05:35.469 false: guinness @ TP-Link_E1D4
2026-04-06T03:05:42.542 false: guinness @ Twilight Network
2026-04-06T03:05:46.452 false: november @ Goga
2026-04-06T03:05:50.330 false: november @ LEVANI
2026-04-06T03:05:54.210 false: november @ M A G T I
2026-04-06T03:06:11.225 false: november @ Natela
2026-04-06T03:06:31.700 false: november @ SILK_306EEC
2026-04-06T03:06:36.624 false: november @ Sofo
2026-04-06T03:06:53.574 false: november @ Tite
2026-04-06T03:07:02.945 false: november @ TP-Link_DF0C
2026-04-06T03:07:21.171 false: november @ TP-Link_E1D4
2026-04-06T03:07:28.220 false: november @ Twilight Network
2026-04-06T03:07:32.181 false: minecraft @ Goga
2026-04-06T03:07:37.833 false: minecraft @ LEVANI
2026-04-06T03:07:43.102 false: minecraft @ M A G T I
2026-04-06T03:08:00.397 false: minecraft @ Natela
2026-04-06T03:08:20.684 false: minecraft @ SILK_306EEC
2026-04-06T03:08:25.479 false: minecraft @ Sofo
2026-04-06T03:08:42.443 false: minecraft @ Tite
2026-04-06T03:08:49.851 false: minecraft @ TP-Link_DF0C
2026-04-06T03:09:06.745 false: minecraft @ TP-Link_E1D4
2026-04-06T03:09:14.125 false: minecraft @ Twilight Network
2026-04-06T03:09:18.013 false: asdf1234 @ Goga
2026-04-06T03:09:29.565 false: asdf1234 @ LEVANI
2026-04-06T03:09:37.172 false: asdf1234 @ M A G T I
2026-04-06T03:09:48.789 false: asdf1234 @ Natela
2026-04-06T03:10:06.673 false: asdf1234 @ SILK_306EEC
2026-04-06T03:10:15.354 false: asdf1234 @ Sofo
2026-04-06T03:10:33.663 false: asdf1234 @ Tite
2026-04-06T03:10:53.683 false: asdf1234 @ TP-Link_DF0C
2026-04-06T03:11:11.506 false: asdf1234 @ TP-Link_E1D4
2026-04-06T03:11:18.443 false: asdf1234 @ Twilight Network
2026-04-06T03:11:22.320 false: lasvegas @ Goga
2026-04-06T03:11:26.204 false: lasvegas @ LEVANI
2026-04-06T03:11:30.088 false: lasvegas @ M A G T I
2026-04-06T03:11:35.473 false: lasvegas @ Natela
2026-04-06T03:11:56.474 false: lasvegas @ SILK_306EEC
2026-04-06T03:12:03.464 false: lasvegas @ Sofo
2026-04-06T03:12:23.762 false: lasvegas @ Tite
2026-04-06T03:12:30.524 false: lasvegas @ TP-Link_DF0C
2026-04-06T03:12:50.734 false: lasvegas @ TP-Link_E1D4
2026-04-06T03:12:55.821 false: lasvegas @ Twilight Network
2026-04-06T03:12:59.781 false: babygirl @ Goga
2026-04-06T03:13:03.705 false: babygirl @ LEVANI
2026-04-06T03:13:07.596 false: babygirl @ M A G T I
2026-04-06T03:13:24.592 false: babygirl @ Natela
2026-04-06T03:13:45.078 false: babygirl @ SILK_306EEC
2026-04-06T03:13:51.762 false: babygirl @ Sofo
2026-04-06T03:14:12.630 false: babygirl @ Tite
2026-04-06T03:14:30.876 false: babygirl @ TP-Link_DF0C
2026-04-06T03:14:50.507 false: babygirl @ TP-Link_E1D4
2026-04-06T03:14:55.642 false: babygirl @ Twilight Network
2026-04-06T03:14:59.600 false: dickhead @ Goga
2026-04-06T03:15:04.005 false: dickhead @ LEVANI
2026-04-06T03:15:10.764 false: dickhead @ M A G T I
2026-04-06T03:15:27.881 false: dickhead @ Natela
2026-04-06T03:15:48.256 false: dickhead @ SILK_306EEC
2026-04-06T03:15:53.061 false: dickhead @ Sofo
2026-04-06T03:16:10.037 false: dickhead @ Tite
2026-04-06T03:16:17.430 false: dickhead @ TP-Link_DF0C
2026-04-06T03:16:34.342 false: dickhead @ TP-Link_E1D4
2026-04-06T03:16:41.715 false: dickhead @ Twilight Network
2026-04-06T03:16:45.610 false: 12121212 @ Goga
2026-04-06T03:16:51.331 false: 12121212 @ LEVANI
2026-04-06T03:16:56.491 false: 12121212 @ M A G T I
2026-04-06T03:17:13.754 false: 12121212 @ Natela
2026-04-06T03:17:34.193 false: 12121212 @ SILK_306EEC
2026-04-06T03:17:40.515 false: 12121212 @ Sofo
2026-04-06T03:18:01.025 false: 12121212 @ Tite
2026-04-06T03:18:06.112 false: 12121212 @ TP-Link_DF0C
2026-04-06T03:18:23.095 false: 12121212 @ TP-Link_E1D4
2026-04-06T03:18:30.459 false: 12121212 @ Twilight Network
2026-04-06T03:18:34.426 false: 147258369 @ Goga
2026-04-06T03:18:51.763 false: 147258369 @ LEVANI
2026-04-06T03:19:01.194 false: 147258369 @ M A G T I
2026-04-06T03:19:19.509 false: 147258369 @ Natela
2026-04-06T03:19:39.589 false: 147258369 @ SILK_306EEC
2026-04-06T03:19:44.397 false: 147258369 @ Sofo
2026-04-06T03:20:01.410 false: 147258369 @ Tite
2026-04-06T03:20:08.766 false: 147258369 @ TP-Link_DF0C
2026-04-06T03:20:25.684 false: 147258369 @ TP-Link_E1D4
2026-04-06T03:20:33.036 false: 147258369 @ Twilight Network
2026-04-06T03:20:36.934 false: explorer @ Goga
2026-04-06T03:20:40.825 false: explorer @ LEVANI
2026-04-06T03:20:46.216 false: explorer @ M A G T I
2026-04-06T03:21:04.891 false: explorer @ Natela
2026-04-06T03:21:24.675 false: explorer @ SILK_306EEC
2026-04-06T03:21:31.712 false: explorer @ Sofo
2026-04-06T03:21:52.043 false: explorer @ Tite
2026-04-06T03:22:10.498 false: explorer @ TP-Link_DF0C
2026-04-06T03:22:30.279 false: explorer @ TP-Link_E1D4
2026-04-06T03:22:35.413 false: explorer @ Twilight Network
2026-04-06T03:22:39.303 false: snickers @ Goga
2026-04-06T03:22:50.440 false: snickers @ LEVANI
2026-04-06T03:23:00.108 false: snickers @ M A G T I
2026-04-06T03:23:06.724 false: snickers @ Natela
2026-04-06T03:23:24.919 false: snickers @ SILK_306EEC
2026-04-06T03:23:31.943 false: snickers @ Sofo
2026-04-06T03:23:48.968 false: snickers @ Tite
2026-04-06T03:24:09.776 false: snickers @ TP-Link_DF0C
2026-04-06T03:24:28.025 false: snickers @ TP-Link_E1D4
2026-04-06T03:24:34.708 false: snickers @ Twilight Network
2026-04-06T03:24:38.605 false: metallica @ Goga
2026-04-06T03:24:50.235 false: metallica @ LEVANI
2026-04-06T03:24:57.230 false: metallica @ M A G T I
2026-04-06T03:25:14.427 false: metallica @ Natela
2026-04-06T03:25:34.929 false: metallica @ SILK_306EEC
2026-04-06T03:25:39.842 false: metallica @ Sofo
2026-04-06T03:25:56.781 false: metallica @ Tite
2026-04-06T03:26:17.436 false: metallica @ TP-Link_DF0C
2026-04-06T03:26:35.589 false: metallica @ TP-Link_E1D4
2026-04-06T03:26:42.295 false: metallica @ Twilight Network
2026-04-06T03:26:46.199 false: alexande @ Goga
2026-04-06T03:26:51.802 false: alexande @ LEVANI
2026-04-06T03:26:59.098 false: alexande @ M A G T I
2026-04-06T03:27:19.331 false: alexande @ Natela
2026-04-06T03:27:37.420 false: alexande @ SILK_306EEC
2026-04-06T03:27:44.154 false: alexande @ Sofo
2026-04-06T03:28:01.151 false: alexande @ Tite
2026-04-06T03:28:08.497 false: alexande @ TP-Link_DF0C
2026-04-06T03:28:25.446 false: alexande @ TP-Link_E1D4
2026-04-06T03:28:32.778 false: alexande @ Twilight Network
2026-04-06T03:28:36.692 false: paradise @ Goga
2026-04-06T03:28:40.576 false: paradise @ LEVANI
2026-04-06T03:28:44.466 false: paradise @ M A G T I
2026-04-06T03:29:01.502 false: paradise @ Natela
2026-04-06T03:29:21.992 false: paradise @ SILK_306EEC
2026-04-06T03:29:26.946 false: paradise @ Sofo
2026-04-06T03:29:43.934 false: paradise @ Tite
2026-04-06T03:29:58.974 false: paradise @ TP-Link_DF0C
2026-04-06T03:30:17.238 false: paradise @ TP-Link_E1D4
2026-04-06T03:30:24.289 false: paradise @ Twilight Network
2026-04-06T03:30:28.189 false: michigan @ Goga
2026-04-06T03:30:45.528 false: michigan @ LEVANI
2026-04-06T03:30:52.982 false: michigan @ M A G T I
2026-04-06T03:31:10.405 false: michigan @ Natela
2026-04-06T03:31:30.797 false: michigan @ SILK_306EEC
2026-04-06T03:31:35.574 false: michigan @ Sofo
2026-04-06T03:31:52.587 false: michigan @ Tite
2026-04-06T03:32:13.711 false: michigan @ TP-Link_DF0C
2026-04-06T03:32:31.820 false: michigan @ TP-Link_E1D4
2026-04-06T03:32:38.576 false: michigan @ Twilight Network
2026-04-06T03:32:42.542 false: carolina @ Goga
2026-04-06T03:32:59.815 false: carolina @ LEVANI
2026-04-06T03:33:07.338 false: carolina @ M A G T I
2026-04-06T03:33:24.354 false: carolina @ Natela
2026-04-06T03:33:44.754 false: carolina @ SILK_306EEC
2026-04-06T03:33:49.525 false: carolina @ Sofo
2026-04-06T03:34:06.460 false: carolina @ Tite
2026-04-06T03:34:13.876 false: carolina @ TP-Link_DF0C
2026-04-06T03:34:30.804 false: carolina @ TP-Link_E1D4
2026-04-06T03:34:38.154 false: carolina @ Twilight Network
2026-04-06T03:34:42.055 false: lacrosse @ Goga
2026-04-06T03:34:59.145 false: lacrosse @ LEVANI
2026-04-06T03:35:06.628 false: lacrosse @ M A G T I
2026-04-06T03:35:23.632 false: lacrosse @ Natela
2026-04-06T03:35:44.016 false: lacrosse @ SILK_306EEC
2026-04-06T03:35:50.219 false: lacrosse @ Sofo
2026-04-06T03:36:10.939 false: lacrosse @ Tite
2026-04-06T03:36:23.616 false: lacrosse @ TP-Link_DF0C
2026-04-06T03:36:43.374 false: lacrosse @ TP-Link_E1D4
2026-04-06T03:36:48.512 false: lacrosse @ Twilight Network
2026-04-06T03:36:52.391 false: christin @ Goga
2026-04-06T03:37:09.508 false: christin @ LEVANI
2026-04-06T03:37:17.439 false: christin @ M A G T I
2026-04-06T03:37:23.719 false: christin @ Natela
2026-04-06T03:37:41.888 false: christin @ SILK_306EEC
2026-04-06T03:37:48.833 false: christin @ Sofo
2026-04-06T03:38:05.801 false: christin @ Tite
2026-04-06T03:38:26.672 false: christin @ TP-Link_DF0C
2026-04-06T03:38:44.790 false: christin @ TP-Link_E1D4
2026-04-06T03:38:51.411 false: christin @ Twilight Network
2026-04-06T03:38:55.285 false: kimberly @ Goga
2026-04-06T03:38:59.160 false: kimberly @ LEVANI
2026-04-06T03:39:03.052 false: kimberly @ M A G T I
2026-04-06T03:39:19.962 false: kimberly @ Natela
2026-04-06T03:39:40.381 false: kimberly @ SILK_306EEC
2026-04-06T03:39:45.353 false: kimberly @ Sofo
2026-04-06T03:40:02.374 false: kimberly @ Tite
2026-04-06T03:40:16.921 false: kimberly @ TP-Link_DF0C
2026-04-06T03:40:35.251 false: kimberly @ TP-Link_E1D4
2026-04-06T03:40:42.200 false: kimberly @ Twilight Network
2026-04-06T03:40:46.088 false: kristina @ Goga
2026-04-06T03:40:49.971 false: kristina @ LEVANI
2026-04-06T03:40:53.878 false: kristina @ M A G T I
2026-04-06T03:41:10.861 false: kristina @ Natela
2026-04-06T03:41:31.390 false: kristina @ SILK_306EEC
2026-04-06T03:41:36.485 false: kristina @ Sofo
2026-04-06T03:41:53.405 false: kristina @ Tite
2026-04-06T03:42:13.869 false: kristina @ TP-Link_DF0C
2026-04-06T03:42:31.800 false: kristina @ TP-Link_E1D4
2026-04-06T03:42:38.639 false: kristina @ Twilight Network
2026-04-06T03:42:42.527 false: 0987654321 @ Goga
2026-04-06T03:42:59.595 false: 0987654321 @ LEVANI
2026-04-06T03:43:07.098 false: 0987654321 @ M A G T I
2026-04-06T03:43:24.219 false: 0987654321 @ Natela
2026-04-06T03:43:44.582 false: 0987654321 @ SILK_306EEC
2026-04-06T03:43:50.985 false: 0987654321 @ Sofo
2026-04-06T03:44:11.474 false: 0987654321 @ Tite
2026-04-06T03:44:24.379 false: 0987654321 @ TP-Link_DF0C
2026-04-06T03:44:44.091 false: 0987654321 @ TP-Link_E1D4
2026-04-06T03:44:49.193 false: 0987654321 @ Twilight Network
2026-04-06T03:44:53.067 false: poohbear @ Goga
2026-04-06T03:45:04.400 false: poohbear @ LEVANI
2026-04-06T03:45:11.311 false: poohbear @ M A G T I
2026-04-06T03:45:28.310 false: poohbear @ Natela
2026-04-06T03:45:48.659 false: poohbear @ SILK_306EEC
2026-04-06T03:45:53.400 false: poohbear @ Sofo
2026-04-06T03:46:10.324 false: poohbear @ Tite
2026-04-06T03:46:31.029 false: poohbear @ TP-Link_DF0C
2026-04-06T03:46:49.120 false: poohbear @ TP-Link_E1D4
2026-04-06T03:46:55.759 false: poohbear @ Twilight Network
2026-04-06T03:46:59.642 false: bollocks @ Goga
2026-04-06T03:47:10.850 false: bollocks @ LEVANI
2026-04-06T03:47:18.313 false: bollocks @ M A G T I
2026-04-06T03:47:35.650 false: bollocks @ Natela
2026-04-06T03:47:56.096 false: bollocks @ SILK_306EEC
2026-04-06T03:48:01.014 false: bollocks @ Sofo
2026-04-06T03:48:17.930 false: bollocks @ Tite
2026-04-06T03:48:32.870 false: bollocks @ TP-Link_DF0C
2026-04-06T03:48:51.095 false: bollocks @ TP-Link_E1D4
2026-04-06T03:48:58.041 false: bollocks @ Twilight Network
2026-04-06T03:49:01.892 false: qweasdzxc @ Goga
2026-04-06T03:49:07.261 false: qweasdzxc @ LEVANI
2026-04-06T03:49:12.393 false: qweasdzxc @ M A G T I
2026-04-06T03:49:29.590 false: qweasdzxc @ Natela
2026-04-06T03:49:49.940 false: qweasdzxc @ SILK_306EEC
2026-04-06T03:49:56.108 false: qweasdzxc @ Sofo
2026-04-06T03:50:16.691 false: qweasdzxc @ Tite
2026-04-06T03:50:29.304 false: qweasdzxc @ TP-Link_DF0C
2026-04-06T03:50:49.331 false: qweasdzxc @ TP-Link_E1D4
2026-04-06T03:50:54.465 false: qweasdzxc @ Twilight Network
2026-04-06T03:50:58.324 false: drowssap @ Goga
2026-04-06T03:51:02.146 false: drowssap @ LEVANI
2026-04-06T03:51:07.829 false: drowssap @ M A G T I
2026-04-06T03:51:28.065 false: drowssap @ Natela
2026-04-06T03:51:46.190 false: drowssap @ SILK_306EEC
2026-04-06T03:51:52.833 false: drowssap @ Sofo
2026-04-06T03:52:09.809 false: drowssap @ Tite
2026-04-06T03:52:30.390 false: drowssap @ TP-Link_DF0C
2026-04-06T03:52:48.537 false: drowssap @ TP-Link_E1D4
2026-04-06T03:52:55.197 false: drowssap @ Twilight Network
2026-04-06T03:52:59.084 false: caroline @ Goga
2026-04-06T03:53:02.967 false: caroline @ LEVANI
2026-04-06T03:53:07.342 false: caroline @ M A G T I
2026-04-06T03:53:25.485 false: caroline @ Natela
2026-04-06T03:53:45.173 false: caroline @ SILK_306EEC
2026-04-06T03:53:55.746 false: caroline @ Sofo
2026-04-06T03:54:15.830 false: caroline @ Tite
2026-04-06T03:54:34.286 false: caroline @ TP-Link_DF0C
2026-04-06T03:54:53.999 false: caroline @ TP-Link_E1D4
2026-04-06T03:54:59.094 false: caroline @ Twilight Network
2026-04-06T03:55:02.980 false: einstein @ Goga
2026-04-06T03:55:13.965 false: einstein @ LEVANI
2026-04-06T03:55:21.038 false: einstein @ M A G T I
2026-04-06T03:55:38.266 false: einstein @ Natela
2026-04-06T03:55:59.231 false: einstein @ SILK_306EEC
2026-04-06T03:56:04.036 false: einstein @ Sofo
2026-04-06T03:56:20.965 false: einstein @ Tite
2026-04-06T03:56:41.949 false: einstein @ TP-Link_DF0C
2026-04-06T03:57:00.094 false: einstein @ TP-Link_E1D4
2026-04-06T03:57:06.797 false: einstein @ Twilight Network
2026-04-06T03:57:10.686 false: spitfire @ Goga
2026-04-06T03:57:14.570 false: spitfire @ LEVANI
2026-04-06T03:57:20.055 false: spitfire @ M A G T I
2026-04-06T03:57:38.840 false: spitfire @ Natela
2026-04-06T03:57:58.653 false: spitfire @ SILK_306EEC
2026-04-06T03:58:05.578 false: spitfire @ Sofo
2026-04-06T03:58:25.679 false: spitfire @ Tite
2026-04-06T03:58:37.950 false: spitfire @ TP-Link_DF0C
2026-04-06T03:58:58.069 false: spitfire @ TP-Link_E1D4
2026-04-06T03:59:03.226 false: spitfire @ Twilight Network
2026-04-06T03:59:07.101 false: maryjane @ Goga
2026-04-06T03:59:11.465 false: maryjane @ LEVANI
2026-04-06T03:59:18.156 false: maryjane @ M A G T I
2026-04-06T03:59:35.808 false: maryjane @ Natela
2026-04-06T03:59:56.189 false: maryjane @ SILK_306EEC
2026-04-06T04:00:00.979 false: maryjane @ Sofo
2026-04-06T04:00:17.902 false: maryjane @ Tite
2026-04-06T04:00:25.244 false: maryjane @ TP-Link_DF0C
2026-04-06T04:00:42.074 false: maryjane @ TP-Link_E1D4
2026-04-06T04:00:49.331 false: maryjane @ Twilight Network
2026-04-06T04:00:53.209 false: 1232323q @ Goga
2026-04-06T04:01:04.307 false: 1232323q @ LEVANI
2026-04-06T04:01:11.755 false: 1232323q @ M A G T I
2026-04-06T04:01:29.189 false: 1232323q @ Natela
2026-04-06T04:01:49.473 false: 1232323q @ SILK_306EEC
2026-04-06T04:01:55.494 false: 1232323q @ Sofo
2026-04-06T04:02:16.086 false: 1232323q @ Tite
2026-04-06T04:02:34.456 false: 1232323q @ TP-Link_DF0C
2026-04-06T04:02:54.128 false: 1232323q @ TP-Link_E1D4
2026-04-06T04:02:59.264 false: 1232323q @ Twilight Network
2026-04-06T04:03:03.238 false: champion @ Goga
2026-04-06T04:03:07.619 false: champion @ LEVANI
2026-04-06T04:03:14.313 false: champion @ M A G T I
2026-04-06T04:03:31.318 false: champion @ Natela
2026-04-06T04:03:51.636 false: champion @ SILK_306EEC
2026-04-06T04:03:56.496 false: champion @ Sofo
2026-04-06T04:04:13.478 false: champion @ Tite
2026-04-06T04:04:33.816 false: champion @ TP-Link_DF0C
2026-04-06T04:04:51.591 false: champion @ TP-Link_E1D4
2026-04-06T04:04:58.560 false: champion @ Twilight Network
2026-04-06T04:05:02.443 false: svetlana @ Goga
2026-04-06T04:05:19.664 false: svetlana @ LEVANI
2026-04-06T04:05:27.026 false: svetlana @ M A G T I
2026-04-06T04:05:43.978 false: svetlana @ Natela
2026-04-06T04:06:04.339 false: svetlana @ SILK_306EEC
2026-04-06T04:06:09.128 false: svetlana @ Sofo
2026-04-06T04:06:26.087 false: svetlana @ Tite
2026-04-06T04:06:40.904 false: svetlana @ TP-Link_DF0C
2026-04-06T04:06:58.662 false: svetlana @ TP-Link_E1D4
2026-04-06T04:07:05.632 false: svetlana @ Twilight Network
2026-04-06T04:07:09.514 false: westside @ Goga
2026-04-06T04:07:26.589 false: westside @ LEVANI
2026-04-06T04:07:34.025 false: westside @ M A G T I
2026-04-06T04:07:50.956 false: westside @ Natela
2026-04-06T04:08:11.404 false: westside @ SILK_306EEC
2026-04-06T04:08:16.289 false: westside @ Sofo
2026-04-06T04:08:33.273 false: westside @ Tite
2026-04-06T04:08:47.671 false: westside @ TP-Link_DF0C
2026-04-06T04:09:05.882 false: westside @ TP-Link_E1D4
2026-04-06T04:09:12.533 false: westside @ Twilight Network
2026-04-06T04:09:16.694 false: courtney @ Goga
2026-04-06T04:09:27.902 false: courtney @ LEVANI
2026-04-06T04:09:34.837 false: courtney @ M A G T I
2026-04-06T04:09:51.865 false: courtney @ Natela
2026-04-06T04:10:12.263 false: courtney @ SILK_306EEC
2026-04-06T04:10:17.025 false: courtney @ Sofo
2026-04-06T04:10:33.926 false: courtney @ Tite
2026-04-06T04:10:49.134 false: courtney @ TP-Link_DF0C
2026-04-06T04:11:06.902 false: courtney @ TP-Link_E1D4
2026-04-06T04:11:13.862 false: courtney @ Twilight Network
2026-04-06T04:11:17.738 false: 12345qwert @ Goga
2026-04-06T04:11:34.698 false: 12345qwert @ LEVANI
2026-04-06T04:11:42.134 false: 12345qwert @ M A G T I
2026-04-06T04:11:59.128 false: 12345qwert @ Natela
2026-04-06T04:12:19.507 false: 12345qwert @ SILK_306EEC
2026-04-06T04:12:24.329 false: 12345qwert @ Sofo
2026-04-06T04:12:41.396 false: 12345qwert @ Tite
2026-04-06T04:13:02.103 false: 12345qwert @ TP-Link_DF0C
2026-04-06T04:13:20.233 false: 12345qwert @ TP-Link_E1D4
2026-04-06T04:13:26.955 false: 12345qwert @ Twilight Network
2026-04-06T04:13:30.864 false: patricia @ Goga
2026-04-06T04:13:34.740 false: patricia @ LEVANI
2026-04-06T04:13:38.557 false: patricia @ M A G T I
2026-04-06T04:13:55.554 false: patricia @ Natela
2026-04-06T04:14:16.065 false: patricia @ SILK_306EEC
2026-04-06T04:14:22.552 false: patricia @ Sofo
2026-04-06T04:14:43.049 false: patricia @ Tite
2026-04-06T04:14:48.171 false: patricia @ TP-Link_DF0C
2026-04-06T04:15:05.122 false: patricia @ TP-Link_E1D4
2026-04-06T04:15:12.523 false: patricia @ Twilight Network
2026-04-06T04:15:16.446 false: aaaaaaaa @ Goga
2026-04-06T04:15:27.441 false: aaaaaaaa @ LEVANI
2026-04-06T04:15:34.898 false: aaaaaaaa @ M A G T I
2026-04-06T04:15:52.100 false: aaaaaaaa @ Natela
2026-04-06T04:16:12.485 false: aaaaaaaa @ SILK_306EEC
2026-04-06T04:16:17.272 false: aaaaaaaa @ Sofo
2026-04-06T04:16:34.203 false: aaaaaaaa @ Tite
2026-04-06T04:16:41.625 false: aaaaaaaa @ TP-Link_DF0C
2026-04-06T04:16:58.532 false: aaaaaaaa @ TP-Link_E1D4
2026-04-06T04:17:05.816 false: aaaaaaaa @ Twilight Network
2026-04-06T04:17:09.696 false: anderson @ Goga
2026-04-06T04:17:26.727 false: anderson @ LEVANI
2026-04-06T04:17:34.078 false: anderson @ M A G T I
2026-04-06T04:17:51.086 false: anderson @ Natela
2026-04-06T04:18:11.373 false: anderson @ SILK_306EEC
2026-04-06T04:18:17.740 false: anderson @ Sofo
2026-04-06T04:18:38.246 false: anderson @ Tite
2026-04-06T04:18:43.296 false: anderson @ TP-Link_DF0C
2026-04-06T04:19:00.185 false: anderson @ TP-Link_E1D4
2026-04-06T04:19:07.473 false: anderson @ Twilight Network
2026-04-06T04:19:11.366 false: security @ Goga
2026-04-06T04:19:15.262 false: security @ LEVANI
2026-04-06T04:19:21.046 false: security @ M A G T I
2026-04-06T04:19:39.607 false: security @ Natela
2026-04-06T04:19:59.322 false: security @ SILK_306EEC
2026-04-06T04:20:04.399 false: security @ Sofo
2026-04-06T04:20:21.342 false: security @ Tite
2026-04-06T04:20:30.753 false: security @ TP-Link_DF0C
2026-04-06T04:20:48.959 false: security @ TP-Link_E1D4
2026-04-06T04:20:55.914 false: security @ Twilight Network
2026-04-06T04:20:59.802 false: stargate @ Goga
2026-04-06T04:21:17.185 false: stargate @ LEVANI
2026-04-06T04:21:26.230 false: stargate @ M A G T I
2026-04-06T04:21:44.401 false: stargate @ Natela
2026-04-06T04:22:04.465 false: stargate @ SILK_306EEC
2026-04-06T04:22:09.234 false: stargate @ Sofo
2026-04-06T04:22:26.147 false: stargate @ Tite
2026-04-06T04:22:46.915 false: stargate @ TP-Link_DF0C
2026-04-06T04:23:05.060 false: stargate @ TP-Link_E1D4
2026-04-06T04:23:11.710 false: stargate @ Twilight Network
2026-04-06T04:23:15.589 false: simpsons @ Goga
2026-04-06T04:23:32.822 false: simpsons @ LEVANI
2026-04-06T04:23:40.069 false: simpsons @ M A G T I
2026-04-06T04:23:56.974 false: simpsons @ Natela
2026-04-06T04:24:17.371 false: simpsons @ SILK_306EEC
2026-04-06T04:24:22.249 false: simpsons @ Sofo
2026-04-06T04:24:39.225 false: simpsons @ Tite
2026-04-06T04:24:53.900 false: simpsons @ TP-Link_DF0C
2026-04-06T04:25:12.028 false: simpsons @ TP-Link_E1D4
2026-04-06T04:25:18.985 false: simpsons @ Twilight Network
2026-04-06T04:25:22.874 false: scarface @ Goga
2026-04-06T04:25:39.923 false: scarface @ LEVANI
2026-04-06T04:25:47.826 false: scarface @ M A G T I
2026-04-06T04:26:05.627 false: scarface @ Natela
2026-04-06T04:26:25.677 false: scarface @ SILK_306EEC
2026-04-06T04:26:30.457 false: scarface @ Sofo
2026-04-06T04:26:47.365 false: scarface @ Tite
2026-04-06T04:26:56.192 false: scarface @ TP-Link_DF0C
2026-04-06T04:27:14.402 false: scarface @ TP-Link_E1D4
2026-04-06T04:27:21.358 false: scarface @ Twilight Network
2026-04-06T04:27:25.237 false: 123456789a @ Goga
2026-04-06T04:27:42.265 false: 123456789a @ LEVANI
2026-04-06T04:27:49.608 false: 123456789a @ M A G T I
2026-04-06T04:28:06.622 false: 123456789a @ Natela
2026-04-06T04:28:26.921 false: 123456789a @ SILK_306EEC
2026-04-06T04:28:33.717 false: 123456789a @ Sofo
2026-04-06T04:28:54.394 false: 123456789a @ Tite
2026-04-06T04:29:01.556 false: 123456789a @ TP-Link_DF0C
2026-04-06T04:29:21.700 false: 123456789a @ TP-Link_E1D4
2026-04-06T04:29:26.793 false: 123456789a @ Twilight Network
2026-04-06T04:29:30.679 false: 1234554321 @ Goga
2026-04-06T04:29:41.707 false: 1234554321 @ LEVANI
2026-04-06T04:29:48.828 false: 1234554321 @ M A G T I
2026-04-06T04:30:06.113 false: 1234554321 @ Natela
2026-04-06T04:30:26.485 false: 1234554321 @ SILK_306EEC
2026-04-06T04:30:31.299 false: 1234554321 @ Sofo
2026-04-06T04:30:48.244 false: 1234554321 @ Tite
2026-04-06T04:30:57.395 false: 1234554321 @ TP-Link_DF0C
2026-04-06T04:31:15.589 false: 1234554321 @ TP-Link_E1D4
2026-04-06T04:31:22.509 false: 1234554321 @ Twilight Network
2026-04-06T04:31:26.389 false: cherokee @ Goga
2026-04-06T04:31:43.603 false: cherokee @ LEVANI
2026-04-06T04:31:50.970 false: cherokee @ M A G T I
2026-04-06T04:32:07.919 false: cherokee @ Natela
2026-04-06T04:32:28.286 false: cherokee @ SILK_306EEC
2026-04-06T04:32:33.067 false: cherokee @ Sofo
2026-04-06T04:32:49.978 false: cherokee @ Tite
2026-04-06T04:32:57.331 false: cherokee @ TP-Link_DF0C
2026-04-06T04:33:14.225 false: cherokee @ TP-Link_E1D4
2026-04-06T04:33:21.604 false: cherokee @ Twilight Network
2026-04-06T04:33:25.499 false: Usuckballz1 @ Goga
2026-04-06T04:33:42.532 false: Usuckballz1 @ LEVANI
2026-04-06T04:33:49.962 false: Usuckballz1 @ M A G T I
2026-04-06T04:34:07.019 false: Usuckballz1 @ Natela
2026-04-06T04:34:27.370 false: Usuckballz1 @ SILK_306EEC
2026-04-06T04:34:32.157 false: Usuckballz1 @ Sofo
2026-04-06T04:34:49.075 false: Usuckballz1 @ Tite
2026-04-06T04:34:56.521 false: Usuckballz1 @ TP-Link_DF0C
2026-04-06T04:35:13.427 false: Usuckballz1 @ TP-Link_E1D4
2026-04-06T04:35:20.782 false: Usuckballz1 @ Twilight Network
2026-04-06T04:35:24.666 false: veronica @ Goga
2026-04-06T04:35:41.746 false: veronica @ LEVANI
2026-04-06T04:35:50.997 false: veronica @ M A G T I
2026-04-06T04:36:09.388 false: veronica @ Natela
2026-04-06T04:36:29.332 false: veronica @ SILK_306EEC
2026-04-06T04:36:35.662 false: veronica @ Sofo
2026-04-06T04:36:56.297 false: veronica @ Tite
2026-04-06T04:37:01.352 false: veronica @ TP-Link_DF0C
2026-04-06T04:37:18.250 false: veronica @ TP-Link_E1D4
2026-04-06T04:37:25.526 false: veronica @ Twilight Network
2026-04-06T04:37:29.409 false: semperfi @ Goga
2026-04-06T04:37:33.300 false: semperfi @ LEVANI
2026-04-06T04:37:37.196 false: semperfi @ M A G T I
2026-04-06T04:37:54.183 false: semperfi @ Natela
2026-04-06T04:38:14.511 false: semperfi @ SILK_306EEC
2026-04-06T04:38:19.282 false: semperfi @ Sofo
2026-04-06T04:38:36.328 false: semperfi @ Tite
2026-04-06T04:38:43.656 false: semperfi @ TP-Link_DF0C
2026-04-06T04:39:00.568 false: semperfi @ TP-Link_E1D4
2026-04-06T04:39:07.924 false: semperfi @ Twilight Network
2026-04-06T04:39:11.803 false: scotland @ Goga
2026-04-06T04:39:23.115 false: scotland @ LEVANI
2026-04-06T04:39:30.041 false: scotland @ M A G T I
2026-04-06T04:39:47.087 false: scotland @ Natela
2026-04-06T04:40:07.456 false: scotland @ SILK_306EEC
2026-04-06T04:40:14.156 false: scotland @ Sofo
2026-04-06T04:40:34.718 false: scotland @ Tite
2026-04-06T04:40:41.696 false: scotland @ TP-Link_DF0C
2026-04-06T04:41:01.925 false: scotland @ TP-Link_E1D4
2026-04-06T04:41:07.015 false: scotland @ Twilight Network
2026-04-06T04:41:10.893 false: marshall @ Goga
2026-04-06T04:41:28.180 false: marshall @ LEVANI
2026-04-06T04:41:35.600 false: marshall @ M A G T I
2026-04-06T04:41:52.607 false: marshall @ Natela
2026-04-06T04:42:12.884 false: marshall @ SILK_306EEC
2026-04-06T04:42:17.671 false: marshall @ Sofo
2026-04-06T04:42:34.504 false: marshall @ Tite
2026-04-06T04:42:41.840 false: marshall @ TP-Link_DF0C
2026-04-06T04:42:58.758 false: marshall @ TP-Link_E1D4
2026-04-06T04:43:06.108 false: marshall @ Twilight Network
2026-04-06T04:43:09.983 false: qwerty12 @ Goga
2026-04-06T04:43:20.960 false: qwerty12 @ LEVANI
2026-04-06T04:43:28.274 false: qwerty12 @ M A G T I
2026-04-06T04:43:48.507 false: qwerty12 @ Natela
2026-04-06T04:44:06.655 false: qwerty12 @ SILK_306EEC
2026-04-06T04:44:14.730 false: qwerty12 @ Sofo
2026-04-06T04:44:33.305 false: qwerty12 @ Tite
2026-04-06T04:44:39.912 false: qwerty12 @ TP-Link_DF0C
2026-04-06T04:44:56.822 false: qwerty12 @ TP-Link_E1D4
2026-04-06T04:45:04.181 false: qwerty12 @ Twilight Network
2026-04-06T04:45:07.969 false: 98765432 @ Goga
2026-04-06T04:45:18.981 false: 98765432 @ LEVANI
2026-04-06T04:45:24.468 false: 98765432 @ M A G T I
2026-04-06T04:45:41.655 false: 98765432 @ Natela
2026-04-06T04:46:02.019 false: 98765432 @ SILK_306EEC
2026-04-06T04:46:06.850 false: 98765432 @ Sofo
2026-04-06T04:46:23.676 false: 98765432 @ Tite
2026-04-06T04:46:31.013 false: 98765432 @ TP-Link_DF0C
2026-04-06T04:46:47.941 false: 98765432 @ TP-Link_E1D4
2026-04-06T04:46:55.282 false: 98765432 @ Twilight Network
2026-04-06T04:46:59.169 false: softball @ Goga
2026-04-06T04:47:04.372 false: softball @ LEVANI
2026-04-06T04:47:09.530 false: softball @ M A G T I
2026-04-06T04:47:26.826 false: softball @ Natela
2026-04-06T04:47:47.227 false: softball @ SILK_306EEC
2026-04-06T04:47:52.014 false: softball @ Sofo
2026-04-06T04:48:08.923 false: softball @ Tite
2026-04-06T04:48:16.179 false: softball @ TP-Link_DF0C
2026-04-06T04:48:33.097 false: softball @ TP-Link_E1D4
2026-04-06T04:48:40.350 false: softball @ Twilight Network
2026-04-06T04:48:44.235 false: passport @ Goga
2026-04-06T04:49:01.477 false: passport @ LEVANI
2026-04-06T04:49:10.450 false: passport @ M A G T I
2026-04-06T04:49:15.668 false: passport @ Natela
2026-04-06T04:49:32.886 false: passport @ SILK_306EEC
2026-04-06T04:49:41.828 false: passport @ Sofo
2026-04-06T04:50:00.061 false: passport @ Tite
2026-04-06T04:50:06.980 false: passport @ TP-Link_DF0C
2026-04-06T04:50:23.880 false: passport @ TP-Link_E1D4
2026-04-06T04:50:31.154 false: passport @ Twilight Network
2026-04-06T04:50:34.944 false: franklin @ Goga
2026-04-06T04:50:45.799 false: franklin @ LEVANI
2026-04-06T04:50:51.355 false: franklin @ M A G T I
2026-04-06T04:51:08.508 false: franklin @ Natela
2026-04-06T04:51:28.840 false: franklin @ SILK_306EEC
2026-04-06T04:51:33.616 false: franklin @ Sofo
2026-04-06T04:51:50.539 false: franklin @ Tite
2026-04-06T04:51:59.650 false: franklin @ TP-Link_DF0C
2026-04-06T04:52:17.789 false: franklin @ TP-Link_E1D4
2026-04-06T04:52:24.723 false: franklin @ Twilight Network
2026-04-06T04:52:28.606 false: alexander @ Goga
2026-04-06T04:52:39.748 false: alexander @ LEVANI
2026-04-06T04:52:47.246 false: alexander @ M A G T I
2026-04-06T04:53:04.596 false: alexander @ Natela
2026-04-06T04:53:24.962 false: alexander @ SILK_306EEC
2026-04-06T04:53:31.965 false: alexander @ Sofo
2026-04-06T04:53:52.518 false: alexander @ Tite
2026-04-06T04:53:57.589 false: alexander @ TP-Link_DF0C
2026-04-06T04:54:14.537 false: alexander @ TP-Link_E1D4
2026-04-06T04:54:21.852 false: alexander @ Twilight Network
2026-04-06T04:54:25.724 false: 55555555 @ Goga
2026-04-06T04:54:37.113 false: 55555555 @ LEVANI
2026-04-06T04:54:44.082 false: 55555555 @ M A G T I
2026-04-06T04:55:01.073 false: 55555555 @ Natela
2026-04-06T04:55:21.409 false: 55555555 @ SILK_306EEC
2026-04-06T04:55:26.169 false: 55555555 @ Sofo
2026-04-06T04:55:43.121 false: 55555555 @ Tite
2026-04-06T04:55:50.434 false: 55555555 @ TP-Link_DF0C
2026-04-06T04:56:07.348 false: 55555555 @ TP-Link_E1D4
2026-04-06T04:56:14.606 false: 55555555 @ Twilight Network
2026-04-06T04:56:18.496 false: zaq12wsx @ Goga
2026-04-06T04:56:22.390 false: zaq12wsx @ LEVANI
2026-04-06T04:56:28.007 false: zaq12wsx @ M A G T I
2026-04-06T04:56:46.601 false: zaq12wsx @ Natela
2026-04-06T04:57:06.227 false: zaq12wsx @ SILK_306EEC
2026-04-06T04:57:12.733 false: zaq12wsx @ Sofo
2026-04-06T04:57:32.897 false: zaq12wsx @ Tite
2026-04-06T04:57:39.756 false: zaq12wsx @ TP-Link_DF0C
2026-04-06T04:57:59.874 false: zaq12wsx @ TP-Link_E1D4
2026-04-06T04:58:04.995 false: zaq12wsx @ Twilight Network
2026-04-06T04:58:08.890 false: infinity @ Goga
2026-04-06T04:58:20.079 false: infinity @ LEVANI
2026-04-06T04:58:29.323 false: infinity @ M A G T I
2026-04-06T04:58:47.527 false: infinity @ Natela
2026-04-06T04:59:07.543 false: infinity @ SILK_306EEC
2026-04-06T04:59:13.771 false: infinity @ Sofo
2026-04-06T04:59:34.348 false: infinity @ Tite
2026-04-06T04:59:41.199 false: infinity @ TP-Link_DF0C
2026-04-06T05:00:01.338 false: infinity @ TP-Link_E1D4
2026-04-06T05:00:06.451 false: infinity @ Twilight Network
2026-04-06T05:00:10.332 false: kawasaki @ Goga
2026-04-06T05:00:21.648 false: kawasaki @ LEVANI
2026-04-06T05:00:30.072 false: kawasaki @ M A G T I
2026-04-06T05:00:48.546 false: kawasaki @ Natela
2026-04-06T05:01:08.642 false: kawasaki @ SILK_306EEC
2026-04-06T05:01:15.391 false: kawasaki @ Sofo
2026-04-06T05:01:35.990 false: kawasaki @ Tite
2026-04-06T05:01:42.821 false: kawasaki @ TP-Link_DF0C
2026-04-06T05:02:03.039 false: kawasaki @ TP-Link_E1D4
2026-04-06T05:02:08.185 false: kawasaki @ Twilight Network
2026-04-06T05:02:12.067 false: 77777777 @ Goga
2026-04-06T05:02:15.956 false: 77777777 @ LEVANI
2026-04-06T05:02:19.769 false: 77777777 @ M A G T I
2026-04-06T05:02:36.715 false: 77777777 @ Natela
2026-04-06T05:02:57.155 false: 77777777 @ SILK_306EEC
2026-04-06T05:03:01.978 false: 77777777 @ Sofo
2026-04-06T05:03:18.896 false: 77777777 @ Tite
2026-04-06T05:03:26.249 false: 77777777 @ TP-Link_DF0C
2026-04-06T05:03:43.181 false: 77777777 @ TP-Link_E1D4
2026-04-06T05:03:50.497 false: 77777777 @ Twilight Network
2026-04-06T05:03:54.378 false: vladimir @ Goga
2026-04-06T05:04:11.818 false: vladimir @ LEVANI
2026-04-06T05:04:20.854 false: vladimir @ M A G T I
2026-04-06T05:04:39.163 false: vladimir @ Natela
2026-04-06T05:04:59.133 false: vladimir @ SILK_306EEC
2026-04-06T05:05:05.444 false: vladimir @ Sofo
2026-04-06T05:05:26.072 false: vladimir @ Tite
2026-04-06T05:05:31.161 false: vladimir @ TP-Link_DF0C
2026-04-06T05:05:48.050 false: vladimir @ TP-Link_E1D4
2026-04-06T05:05:55.323 false: vladimir @ Twilight Network
2026-04-06T05:05:59.190 false: freeuser @ Goga
2026-04-06T05:06:16.571 false: freeuser @ LEVANI
2026-04-06T05:06:24.557 false: freeuser @ M A G T I
2026-04-06T05:06:42.461 false: freeuser @ Natela
2026-04-06T05:07:02.425 false: freeuser @ SILK_306EEC
2026-04-06T05:07:08.401 false: freeuser @ Sofo
2026-04-06T05:07:28.944 false: freeuser @ Tite
2026-04-06T05:07:34.043 false: freeuser @ TP-Link_DF0C
2026-04-06T05:07:50.960 false: freeuser @ TP-Link_E1D4
2026-04-06T05:07:58.301 false: freeuser @ Twilight Network
2026-04-06T05:08:02.188 false: wildcats @ Goga
2026-04-06T05:08:13.815 false: wildcats @ LEVANI
2026-04-06T05:08:20.744 false: wildcats @ M A G T I
2026-04-06T05:08:37.690 false: wildcats @ Natela
2026-04-06T05:08:58.058 false: wildcats @ SILK_306EEC
2026-04-06T05:09:04.761 false: wildcats @ Sofo
2026-04-06T05:09:25.412 false: wildcats @ Tite
2026-04-06T05:09:30.548 false: wildcats @ TP-Link_DF0C
2026-04-06T05:09:47.494 false: wildcats @ TP-Link_E1D4
2026-04-06T05:09:54.841 false: wildcats @ Twilight Network
2026-04-06T05:09:58.719 false: budlight @ Goga
2026-04-06T05:10:16.062 false: budlight @ LEVANI
2026-04-06T05:10:23.418 false: budlight @ M A G T I
2026-04-06T05:10:40.413 false: budlight @ Natela
2026-04-06T05:11:00.847 false: budlight @ SILK_306EEC
2026-04-06T05:11:05.808 false: budlight @ Sofo
2026-04-06T05:11:22.806 false: budlight @ Tite
2026-04-06T05:11:31.729 false: budlight @ TP-Link_DF0C
2026-04-06T05:11:49.967 false: budlight @ TP-Link_E1D4
2026-04-06T05:11:56.910 false: budlight @ Twilight Network
2026-04-06T05:12:00.795 false: brittany @ Goga
2026-04-06T05:12:04.677 false: brittany @ LEVANI
2026-04-06T05:12:10.114 false: brittany @ M A G T I
2026-04-06T05:12:28.812 false: brittany @ Natela
2026-04-06T05:12:48.455 false: brittany @ SILK_306EEC
2026-04-06T05:12:54.957 false: brittany @ Sofo
2026-04-06T05:13:15.191 false: brittany @ Tite
2026-04-06T05:13:20.260 false: brittany @ TP-Link_DF0C
2026-04-06T05:13:37.173 false: brittany @ TP-Link_E1D4
2026-04-06T05:13:44.515 false: brittany @ Twilight Network
2026-04-06T05:13:48.396 false: 00000000 @ Goga
2026-04-06T05:14:05.540 false: 00000000 @ LEVANI
2026-04-06T05:14:12.911 false: 00000000 @ M A G T I
2026-04-06T05:14:29.894 false: 00000000 @ Natela
2026-04-06T05:14:50.196 false: 00000000 @ SILK_306EEC
2026-04-06T05:14:56.495 false: 00000000 @ Sofo
2026-04-06T05:15:17.057 false: 00000000 @ Tite
2026-04-06T05:15:24.024 false: 00000000 @ TP-Link_DF0C
2026-04-06T05:15:44.271 false: 00000000 @ TP-Link_E1D4
2026-04-06T05:15:49.350 false: 00000000 @ Twilight Network
2026-04-06T05:15:53.232 false: bulldogs @ Goga
2026-04-06T05:16:10.364 false: bulldogs @ LEVANI
2026-04-06T05:16:17.736 false: bulldogs @ M A G T I
2026-04-06T05:16:34.664 false: bulldogs @ Natela
2026-04-06T05:16:55.083 false: bulldogs @ SILK_306EEC
2026-04-06T05:17:00.017 false: bulldogs @ Sofo
2026-04-06T05:17:16.942 false: bulldogs @ Tite
2026-04-06T05:17:24.289 false: bulldogs @ TP-Link_DF0C
2026-04-06T05:17:41.252 false: bulldogs @ TP-Link_E1D4
2026-04-06T05:17:48.550 false: bulldogs @ Twilight Network
2026-04-06T05:17:52.438 false: swordfis @ Goga
2026-04-06T05:18:09.764 false: swordfis @ LEVANI
2026-04-06T05:18:17.121 false: swordfis @ M A G T I
2026-04-06T05:18:34.064 false: swordfis @ Natela
2026-04-06T05:18:54.452 false: swordfis @ SILK_306EEC
2026-04-06T05:19:04.537 false: swordfis @ Sofo
2026-04-06T05:19:24.547 false: swordfis @ Tite
2026-04-06T05:19:29.315 false: swordfis @ TP-Link_DF0C
2026-04-06T05:19:46.212 false: swordfis @ TP-Link_E1D4
2026-04-06T05:19:53.498 false: swordfis @ Twilight Network
2026-04-06T05:19:57.381 false: PASSWORD @ Goga
2026-04-06T05:20:14.963 false: PASSWORD @ LEVANI
2026-04-06T05:20:24.042 false: PASSWORD @ M A G T I
2026-04-06T05:20:42.353 false: PASSWORD @ Natela
2026-04-06T05:21:02.331 false: PASSWORD @ SILK_306EEC
2026-04-06T05:21:07.111 false: PASSWORD @ Sofo
2026-04-06T05:21:24.061 false: PASSWORD @ Tite
2026-04-06T05:21:32.946 false: PASSWORD @ TP-Link_DF0C
2026-04-06T05:21:51.129 false: PASSWORD @ TP-Link_E1D4
2026-04-06T05:21:58.105 false: PASSWORD @ Twilight Network
2026-04-06T05:22:01.991 false: patriots @ Goga
2026-04-06T05:22:19.107 false: patriots @ LEVANI
2026-04-06T05:22:26.476 false: patriots @ M A G T I
2026-04-06T05:22:43.496 false: patriots @ Natela
2026-04-06T05:23:03.887 false: patriots @ SILK_306EEC
2026-04-06T05:23:08.663 false: patriots @ Sofo
2026-04-06T05:23:25.611 false: patriots @ Tite
2026-04-06T05:23:40.004 false: patriots @ TP-Link_DF0C
2026-04-06T05:23:58.173 false: patriots @ TP-Link_E1D4
2026-04-06T05:24:05.081 false: patriots @ Twilight Network
2026-04-06T05:24:08.969 false: pearljam @ Goga
2026-04-06T05:24:26.184 false: pearljam @ LEVANI
2026-04-06T05:24:34.042 false: pearljam @ M A G T I
2026-04-06T05:24:51.913 false: pearljam @ Natela
2026-04-06T05:25:11.871 false: pearljam @ SILK_306EEC
2026-04-06T05:25:16.669 false: pearljam @ Sofo
2026-04-06T05:25:33.704 false: pearljam @ Tite
2026-04-06T05:25:42.938 false: pearljam @ TP-Link_DF0C
2026-04-06T05:26:01.127 false: pearljam @ TP-Link_E1D4
2026-04-06T05:26:08.066 false: pearljam @ Twilight Network
2026-04-06T05:26:11.955 false: colorado @ Goga
2026-04-06T05:26:29.076 false: colorado @ LEVANI
2026-04-06T05:26:38.483 false: colorado @ M A G T I
2026-04-06T05:26:56.646 false: colorado @ Natela
2026-04-06T05:27:16.689 false: colorado @ SILK_306EEC
2026-04-06T05:27:21.488 false: colorado @ Sofo
2026-04-06T05:27:38.465 false: colorado @ Tite
2026-04-06T05:27:47.478 false: colorado @ TP-Link_DF0C
2026-04-06T05:28:05.716 false: colorado @ TP-Link_E1D4
2026-04-06T05:28:12.712 false: colorado @ Twilight Network
2026-04-06T05:28:16.594 false: ncc1701d @ Goga
2026-04-06T05:28:33.959 false: ncc1701d @ LEVANI
2026-04-06T05:28:41.361 false: ncc1701d @ M A G T I
2026-04-06T05:28:58.373 false: ncc1701d @ Natela
2026-04-06T05:29:18.674 false: ncc1701d @ SILK_306EEC
2026-04-06T05:29:23.455 false: ncc1701d @ Sofo
2026-04-06T05:29:40.365 false: ncc1701d @ Tite
2026-04-06T05:29:49.478 false: ncc1701d @ TP-Link_DF0C
2026-04-06T05:30:07.695 false: ncc1701d @ TP-Link_E1D4
2026-04-06T05:30:14.652 false: ncc1701d @ Twilight Network
2026-04-06T05:30:18.539 false: motorola @ Goga
2026-04-06T05:30:22.429 false: motorola @ LEVANI
2026-04-06T05:30:26.323 false: motorola @ M A G T I
2026-04-06T05:30:43.271 false: motorola @ Natela
2026-04-06T05:31:03.731 false: motorola @ SILK_306EEC
2026-04-06T05:31:08.716 false: motorola @ Sofo
2026-04-06T05:31:25.622 false: motorola @ Tite
2026-04-06T05:31:34.599 false: motorola @ TP-Link_DF0C
2026-04-06T05:31:52.792 false: motorola @ TP-Link_E1D4
2026-04-06T05:31:59.724 false: motorola @ Twilight Network
2026-04-06T05:32:03.606 false: logitech @ Goga
2026-04-06T05:32:20.619 false: logitech @ LEVANI
2026-04-06T05:32:27.985 false: logitech @ M A G T I
2026-04-06T05:32:44.956 false: logitech @ Natela
2026-04-06T05:33:05.443 false: logitech @ SILK_306EEC
2026-04-06T05:33:10.368 false: logitech @ Sofo
2026-04-06T05:33:27.316 false: logitech @ Tite
2026-04-06T05:33:34.643 false: logitech @ TP-Link_DF0C
2026-04-06T05:33:51.603 false: logitech @ TP-Link_E1D4
2026-04-06T05:33:58.906 false: logitech @ Twilight Network
2026-04-06T05:34:02.799 false: juventus @ Goga
2026-04-06T05:34:14.029 false: juventus @ LEVANI
2026-04-06T05:34:21.565 false: juventus @ M A G T I
2026-04-06T05:34:38.762 false: juventus @ Natela
2026-04-06T05:34:59.064 false: juventus @ SILK_306EEC
2026-04-06T05:35:03.829 false: juventus @ Sofo
2026-04-06T05:35:20.763 false: juventus @ Tite
2026-04-06T05:35:30.140 false: juventus @ TP-Link_DF0C
2026-04-06T05:35:48.299 false: juventus @ TP-Link_E1D4
2026-04-06T05:35:55.339 false: juventus @ Twilight Network
2026-04-06T05:35:59.222 false: wolverin @ Goga
2026-04-06T05:36:03.111 false: wolverin @ LEVANI
2026-04-06T05:36:06.993 false: wolverin @ M A G T I
2026-04-06T05:36:23.953 false: wolverin @ Natela
2026-04-06T05:36:44.455 false: wolverin @ SILK_306EEC
2026-04-06T05:36:49.414 false: wolverin @ Sofo
2026-04-06T05:37:06.351 false: wolverin @ Tite
2026-04-06T05:37:15.496 false: wolverin @ TP-Link_DF0C
2026-04-06T05:37:33.660 false: wolverin @ TP-Link_E1D4
2026-04-06T05:37:40.606 false: wolverin @ Twilight Network
2026-04-06T05:37:44.501 false: warcraft @ Goga
2026-04-06T05:38:02.030 false: warcraft @ LEVANI
2026-04-06T05:38:09.388 false: warcraft @ M A G T I
2026-04-06T05:38:26.401 false: warcraft @ Natela
2026-04-06T05:38:46.757 false: warcraft @ SILK_306EEC
2026-04-06T05:38:53.431 false: warcraft @ Sofo
2026-04-06T05:39:13.936 false: warcraft @ Tite
2026-04-06T05:39:26.608 false: warcraft @ TP-Link_DF0C
2026-04-06T05:39:46.706 false: warcraft @ TP-Link_E1D4
2026-04-06T05:39:51.784 false: warcraft @ Twilight Network
2026-04-06T05:39:55.668 false: hello123 @ Goga
2026-04-06T05:40:12.818 false: hello123 @ LEVANI
2026-04-06T05:40:20.255 false: hello123 @ M A G T I
2026-04-06T05:40:37.279 false: hello123 @ Natela
2026-04-06T05:40:57.658 false: hello123 @ SILK_306EEC
2026-04-06T05:41:02.455 false: hello123 @ Sofo
2026-04-06T05:41:19.516 false: hello123 @ Tite
2026-04-06T05:41:28.346 false: hello123 @ TP-Link_DF0C
2026-04-06T05:41:46.583 false: hello123 @ TP-Link_E1D4
2026-04-06T05:41:53.639 false: hello123 @ Twilight Network
2026-04-06T05:41:57.541 false: peekaboo @ Goga
2026-04-06T05:42:01.430 false: peekaboo @ LEVANI
2026-04-06T05:42:05.322 false: peekaboo @ M A G T I
2026-04-06T05:42:22.340 false: peekaboo @ Natela
2026-04-06T05:42:42.797 false: peekaboo @ SILK_306EEC
2026-04-06T05:42:50.530 false: peekaboo @ Sofo
2026-04-06T05:43:11.129 false: peekaboo @ Tite
2026-04-06T05:43:23.772 false: peekaboo @ TP-Link_DF0C
2026-04-06T05:43:43.977 false: peekaboo @ TP-Link_E1D4
2026-04-06T05:43:49.048 false: peekaboo @ Twilight Network
2026-04-06T05:43:52.947 false: 123654789 @ Goga
2026-04-06T05:44:10.079 false: 123654789 @ LEVANI
2026-04-06T05:44:17.600 false: 123654789 @ M A G T I
2026-04-06T05:44:34.663 false: 123654789 @ Natela
2026-04-06T05:44:55.118 false: 123654789 @ SILK_306EEC
2026-04-06T05:45:01.531 false: 123654789 @ Sofo
2026-04-06T05:45:22.092 false: 123654789 @ Tite
2026-04-06T05:45:28.721 false: 123654789 @ TP-Link_DF0C
2026-04-06T05:45:48.937 false: 123654789 @ TP-Link_E1D4
2026-04-06T05:45:54.074 false: 123654789 @ Twilight Network
2026-04-06T05:45:57.977 false: panthers @ Goga
2026-04-06T05:46:01.869 false: panthers @ LEVANI
2026-04-06T05:46:05.762 false: panthers @ M A G T I
2026-04-06T05:46:22.742 false: panthers @ Natela
2026-04-06T05:46:43.160 false: panthers @ SILK_306EEC
2026-04-06T05:46:48.051 false: panthers @ Sofo
2026-04-06T05:47:05.064 false: panthers @ Tite
2026-04-06T05:47:13.938 false: panthers @ TP-Link_DF0C
2026-04-06T05:47:32.215 false: panthers @ TP-Link_E1D4
2026-04-06T05:47:38.947 false: panthers @ Twilight Network
2026-04-06T05:47:43.143 false: elizabet @ Goga
2026-04-06T05:48:00.501 false: elizabet @ LEVANI
2026-04-06T05:48:07.922 false: elizabet @ M A G T I
2026-04-06T05:48:24.962 false: elizabet @ Natela
2026-04-06T05:48:45.349 false: elizabet @ SILK_306EEC
2026-04-06T05:48:50.111 false: elizabet @ Sofo
2026-04-06T05:49:07.040 false: elizabet @ Tite
2026-04-06T05:49:14.454 false: elizabet @ TP-Link_DF0C
2026-04-06T05:49:31.452 false: elizabet @ TP-Link_E1D4
2026-04-06T05:49:38.853 false: elizabet @ Twilight Network
2026-04-06T05:49:42.747 false: spiderma @ Goga
2026-04-06T05:49:59.861 false: spiderma @ LEVANI
2026-04-06T05:50:07.817 false: spiderma @ M A G T I
2026-04-06T05:50:25.789 false: spiderma @ Natela
2026-04-06T05:50:45.841 false: spiderma @ SILK_306EEC
2026-04-06T05:50:52.348 false: spiderma @ Sofo
2026-04-06T05:51:12.893 false: spiderma @ Tite
2026-04-06T05:51:19.511 false: spiderma @ TP-Link_DF0C
2026-04-06T05:51:39.801 false: spiderma @ TP-Link_E1D4
2026-04-06T05:51:44.912 false: spiderma @ Twilight Network
2026-04-06T05:51:48.873 false: virginia @ Goga
2026-04-06T05:51:53.289 false: virginia @ LEVANI
2026-04-06T05:52:01.602 false: virginia @ M A G T I
2026-04-06T05:52:20.196 false: virginia @ Natela
2026-04-06T05:52:39.928 false: virginia @ SILK_306EEC
2026-04-06T05:52:46.437 false: virginia @ Sofo
2026-04-06T05:53:06.673 false: virginia @ Tite
2026-04-06T05:53:11.742 false: virginia @ TP-Link_DF0C
2026-04-06T05:53:28.662 false: virginia @ TP-Link_E1D4
2026-04-06T05:53:36.097 false: virginia @ Twilight Network
2026-04-06T05:53:40.012 false: valentin @ Goga
2026-04-06T05:53:53.464 false: valentin @ LEVANI
2026-04-06T05:54:00.881 false: valentin @ M A G T I
2026-04-06T05:54:17.843 false: valentin @ Natela
2026-04-06T05:54:38.328 false: valentin @ SILK_306EEC
2026-04-06T05:54:45.331 false: valentin @ Sofo
2026-04-06T05:55:05.786 false: valentin @ Tite
2026-04-06T05:55:10.845 false: valentin @ TP-Link_DF0C
2026-04-06T05:55:27.741 false: valentin @ TP-Link_E1D4
2026-04-06T05:55:35.117 false: valentin @ Twilight Network
2026-04-06T05:55:39.075 false: predator @ Goga
2026-04-06T05:55:43.004 false: predator @ LEVANI
2026-04-06T05:55:46.900 false: predator @ M A G T I
2026-04-06T05:56:03.944 false: predator @ Natela
2026-04-06T05:56:24.463 false: predator @ SILK_306EEC
2026-04-06T05:56:29.388 false: predator @ Sofo
2026-04-06T05:56:46.322 false: predator @ Tite
2026-04-06T05:56:55.853 false: predator @ TP-Link_DF0C
2026-04-06T05:57:14.060 false: predator @ TP-Link_E1D4
2026-04-06T05:57:21.076 false: predator @ Twilight Network
2026-04-06T05:57:24.993 false: mitchell @ Goga
2026-04-06T05:57:42.361 false: mitchell @ LEVANI
2026-04-06T05:57:49.865 false: mitchell @ M A G T I
2026-04-06T05:58:06.995 false: mitchell @ Natela
2026-04-06T05:58:27.429 false: mitchell @ SILK_306EEC
2026-04-06T05:58:32.367 false: mitchell @ Sofo
2026-04-06T05:58:49.335 false: mitchell @ Tite
2026-04-06T05:58:58.279 false: mitchell @ TP-Link_DF0C
2026-04-06T05:59:16.561 false: mitchell @ TP-Link_E1D4
2026-04-06T05:59:23.565 false: mitchell @ Twilight Network
2026-04-06T05:59:27.537 false: 741852963 @ Goga
2026-04-06T05:59:44.614 false: 741852963 @ LEVANI
2026-04-06T05:59:52.120 false: 741852963 @ M A G T I
2026-04-06T06:00:09.136 false: 741852963 @ Natela
2026-04-06T06:00:29.516 false: 741852963 @ SILK_306EEC
2026-04-06T06:00:36.040 false: 741852963 @ Sofo
2026-04-06T06:00:56.688 false: 741852963 @ Tite
2026-04-06T06:01:03.266 false: 741852963 @ TP-Link_DF0C
2026-04-06T06:01:23.509 false: 741852963 @ TP-Link_E1D4
2026-04-06T06:01:28.619 false: 741852963 @ Twilight Network
2026-04-06T06:01:32.594 false: 1111111111 @ Goga
2026-04-06T06:01:36.984 false: 1111111111 @ LEVANI
2026-04-06T06:01:45.536 false: 1111111111 @ M A G T I
2026-04-06T06:02:04.294 false: 1111111111 @ Natela
2026-04-06T06:02:24.035 false: 1111111111 @ SILK_306EEC
2026-04-06T06:02:29.124 false: 1111111111 @ Sofo
2026-04-06T06:02:46.073 false: 1111111111 @ Tite
2026-04-06T06:02:55.541 false: 1111111111 @ TP-Link_DF0C
2026-04-06T06:03:13.780 false: 1111111111 @ TP-Link_E1D4
2026-04-06T06:03:20.850 false: 1111111111 @ Twilight Network
2026-04-06T06:03:24.801 false: rolltide @ Goga
2026-04-06T06:03:42.090 false: rolltide @ LEVANI
2026-04-06T06:03:49.582 false: rolltide @ M A G T I
2026-04-06T06:04:06.718 false: rolltide @ Natela
2026-04-06T06:04:27.134 false: rolltide @ SILK_306EEC
2026-04-06T06:04:32.109 false: rolltide @ Sofo
2026-04-06T06:04:49.073 false: rolltide @ Tite
2026-04-06T06:04:56.475 false: rolltide @ TP-Link_DF0C
2026-04-06T06:05:13.487 false: rolltide @ TP-Link_E1D4
2026-04-06T06:05:20.861 false: rolltide @ Twilight Network
2026-04-06T06:05:24.836 false: changeme @ Goga
2026-04-06T06:05:37.996 false: changeme @ LEVANI
2026-04-06T06:05:45.416 false: changeme @ M A G T I
2026-04-06T06:06:02.534 false: changeme @ Natela
2026-04-06T06:06:22.892 false: changeme @ SILK_306EEC
2026-04-06T06:06:29.275 false: changeme @ Sofo
2026-04-06T06:06:49.758 false: changeme @ Tite
2026-04-06T06:06:56.574 false: changeme @ TP-Link_DF0C
2026-04-06T06:07:16.809 false: changeme @ TP-Link_E1D4
2026-04-06T06:07:21.962 false: changeme @ Twilight Network
2026-04-06T06:07:25.885 false: lovelove @ Goga
2026-04-06T06:07:37.253 false: lovelove @ LEVANI
2026-04-06T06:07:44.834 false: lovelove @ M A G T I
2026-04-06T06:08:02.195 false: lovelove @ Natela
2026-04-06T06:08:22.659 false: lovelove @ SILK_306EEC
2026-04-06T06:08:28.999 false: lovelove @ Sofo
2026-04-06T06:08:49.503 false: lovelove @ Tite
2026-04-06T06:08:56.385 false: lovelove @ TP-Link_DF0C
2026-04-06T06:09:16.609 false: lovelove @ TP-Link_E1D4
2026-04-06T06:09:21.718 false: lovelove @ Twilight Network
2026-04-06T06:09:25.696 false: fktrcfylh @ Goga
2026-04-06T06:09:29.585 false: fktrcfylh @ LEVANI
2026-04-06T06:09:33.472 false: fktrcfylh @ M A G T I
2026-04-06T06:09:50.594 false: fktrcfylh @ Natela
2026-04-06T06:10:11.112 false: fktrcfylh @ SILK_306EEC
2026-04-06T06:10:16.067 false: fktrcfylh @ Sofo
2026-04-06T06:10:33.002 false: fktrcfylh @ Tite
2026-04-06T06:10:40.420 false: fktrcfylh @ TP-Link_DF0C
2026-04-06T06:10:57.370 false: fktrcfylh @ TP-Link_E1D4
2026-04-06T06:11:04.803 false: fktrcfylh @ Twilight Network
2026-04-06T06:11:08.712 false: loverboy @ Goga
2026-04-06T06:11:18.405 false: loverboy @ LEVANI
2026-04-06T06:11:23.452 false: loverboy @ M A G T I
2026-04-06T06:11:40.569 false: loverboy @ Natela
2026-04-06T06:12:01.006 false: loverboy @ SILK_306EEC
2026-04-06T06:12:07.976 false: loverboy @ Sofo
2026-04-06T06:12:28.427 false: loverboy @ Tite
2026-04-06T06:12:33.578 false: loverboy @ TP-Link_DF0C
2026-04-06T06:12:50.510 false: loverboy @ TP-Link_E1D4
2026-04-06T06:12:57.859 false: loverboy @ Twilight Network
2026-04-06T06:13:01.767 false: chevelle @ Goga
2026-04-06T06:13:19.071 false: chevelle @ LEVANI
2026-04-06T06:13:26.544 false: chevelle @ M A G T I
2026-04-06T06:13:43.696 false: chevelle @ Natela
2026-04-06T06:14:04.142 false: chevelle @ SILK_306EEC
2026-04-06T06:14:09.043 false: chevelle @ Sofo
2026-04-06T06:14:26.030 false: chevelle @ Tite
2026-04-06T06:14:33.405 false: chevelle @ TP-Link_DF0C
2026-04-06T06:14:50.341 false: chevelle @ TP-Link_E1D4
2026-04-06T06:14:57.781 false: chevelle @ Twilight Network
2026-04-06T06:15:01.684 false: cardinal @ Goga
2026-04-06T06:15:18.860 false: cardinal @ LEVANI
2026-04-06T06:15:26.329 false: cardinal @ M A G T I
2026-04-06T06:15:43.402 false: cardinal @ Natela
2026-04-06T06:16:03.848 false: cardinal @ SILK_306EEC
2026-04-06T06:16:10.344 false: cardinal @ Sofo
2026-04-06T06:16:30.789 false: cardinal @ Tite
2026-04-06T06:16:37.799 false: cardinal @ TP-Link_DF0C
2026-04-06T06:16:58.034 false: cardinal @ TP-Link_E1D4
2026-04-06T06:17:03.194 false: cardinal @ Twilight Network
2026-04-06T06:17:07.119 false: michael1 @ Goga
2026-04-06T06:17:11.009 false: michael1 @ LEVANI
2026-04-06T06:17:14.902 false: michael1 @ M A G T I
2026-04-06T06:17:32.203 false: michael1 @ Natela
2026-04-06T06:17:52.688 false: michael1 @ SILK_306EEC
2026-04-06T06:17:59.344 false: michael1 @ Sofo
2026-04-06T06:18:19.858 false: michael1 @ Tite
2026-04-06T06:18:26.947 false: michael1 @ TP-Link_DF0C
2026-04-06T06:18:47.180 false: michael1 @ TP-Link_E1D4
2026-04-06T06:18:52.289 false: michael1 @ Twilight Network
2026-04-06T06:18:56.240 false: 147852369 @ Goga
2026-04-06T06:19:00.168 false: 147852369 @ LEVANI
2026-04-06T06:19:04.058 false: 147852369 @ M A G T I
2026-04-06T06:19:21.196 false: 147852369 @ Natela
2026-04-06T06:19:41.715 false: 147852369 @ SILK_306EEC
2026-04-06T06:19:46.657 false: 147852369 @ Sofo
2026-04-06T06:20:03.723 false: 147852369 @ Tite
2026-04-06T06:20:13.162 false: 147852369 @ TP-Link_DF0C
2026-04-06T06:20:31.457 false: 147852369 @ TP-Link_E1D4
2026-04-06T06:20:38.452 false: 147852369 @ Twilight Network
2026-04-06T06:20:42.366 false: american @ Goga
2026-04-06T06:20:46.259 false: american @ LEVANI
2026-04-06T06:20:50.628 false: american @ M A G T I
2026-04-06T06:21:08.529 false: american @ Natela
2026-04-06T06:21:28.619 false: american @ SILK_306EEC
2026-04-06T06:21:34.740 false: american @ Sofo
2026-04-06T06:21:55.393 false: american @ Tite
2026-04-06T06:22:02.663 false: american @ TP-Link_DF0C
2026-04-06T06:22:22.900 false: american @ TP-Link_E1D4
2026-04-06T06:22:28.049 false: american @ Twilight Network
2026-04-06T06:22:32.013 false: alexandr @ Goga
2026-04-06T06:22:43.031 false: alexandr @ LEVANI
2026-04-06T06:22:50.575 false: alexandr @ M A G T I
2026-04-06T06:23:08.237 false: alexandr @ Natela
2026-04-06T06:23:28.669 false: alexandr @ SILK_306EEC
2026-04-06T06:23:35.888 false: alexandr @ Sofo
2026-04-06T06:23:56.343 false: alexandr @ Tite
2026-04-06T06:24:03.652 false: alexandr @ TP-Link_DF0C
2026-04-06T06:24:17.796 false: alexandr @ TP-Link_E1D4
2026-04-06T06:24:23.353 false: alexandr @ Twilight Network
2026-04-06T06:24:27.563 false: electric @ Goga
2026-04-06T06:24:44.951 false: electric @ LEVANI
2026-04-06T06:24:52.417 false: electric @ M A G T I
2026-04-06T06:25:09.714 false: electric @ Natela
2026-04-06T06:25:30.175 false: electric @ SILK_306EEC
2026-04-06T06:25:36.541 false: electric @ Sofo
2026-04-06T06:25:57.091 false: electric @ Tite
2026-04-06T06:26:02.168 false: electric @ TP-Link_DF0C
2026-04-06T06:26:07.373 false: electric @ TP-Link_E1D4
2026-04-06T06:26:14.654 false: electric @ Twilight Network
2026-04-06T06:26:18.796 false: wolfpack @ Goga
2026-04-06T06:26:36.402 false: wolfpack @ LEVANI
2026-04-06T06:26:43.950 false: wolfpack @ M A G T I
2026-04-06T06:27:01.086 false: wolfpack @ Natela
2026-04-06T06:27:21.463 false: wolfpack @ SILK_306EEC
2026-04-06T06:27:26.251 false: wolfpack @ Sofo
2026-04-06T06:27:43.273 false: wolfpack @ Tite
2026-04-06T06:27:52.606 false: wolfpack @ TP-Link_DF0C
2026-04-06T06:28:10.920 false: wolfpack @ TP-Link_E1D4
2026-04-06T06:28:17.942 false: wolfpack @ Twilight Network
2026-04-06T06:28:21.845 false: spiderman @ Goga
2026-04-06T06:28:39.036 false: spiderman @ LEVANI
2026-04-06T06:28:47.000 false: spiderman @ M A G T I
2026-04-06T06:29:04.928 false: spiderman @ Natela
2026-04-06T06:29:25.032 false: spiderman @ SILK_306EEC
2026-04-06T06:29:29.847 false: spiderman @ Sofo
2026-04-06T06:29:46.869 false: spiderman @ Tite
2026-04-06T06:30:01.599 false: spiderman @ TP-Link_DF0C
2026-04-06T06:30:19.863 false: spiderman @ TP-Link_E1D4
2026-04-06T06:30:26.869 false: spiderman @ Twilight Network
2026-04-06T06:30:30.763 false: darkside @ Goga
2026-04-06T06:30:42.090 false: darkside @ LEVANI
2026-04-06T06:30:48.996 false: darkside @ M A G T I
2026-04-06T06:31:06.109 false: darkside @ Natela
2026-04-06T06:31:26.565 false: darkside @ SILK_306EEC
2026-04-06T06:31:33.528 false: darkside @ Sofo
2026-04-06T06:31:53.971 false: darkside @ Tite
2026-04-06T06:32:00.712 false: darkside @ TP-Link_DF0C
2026-04-06T06:32:20.877 false: darkside @ TP-Link_E1D4
2026-04-06T06:32:25.978 false: darkside @ Twilight Network
2026-04-06T06:32:29.929 false: 123456789q @ Goga
2026-04-06T06:32:47.196 false: 123456789q @ LEVANI
2026-04-06T06:32:54.638 false: 123456789q @ M A G T I
2026-04-06T06:33:11.686 false: 123456789q @ Natela
2026-04-06T06:33:32.125 false: 123456789q @ SILK_306EEC
2026-04-06T06:33:37.048 false: 123456789q @ Sofo
2026-04-06T06:33:54.106 false: 123456789q @ Tite
2026-04-06T06:34:01.480 false: 123456789q @ TP-Link_DF0C
2026-04-06T06:34:18.429 false: 123456789q @ TP-Link_E1D4
2026-04-06T06:34:25.761 false: 123456789q @ Twilight Network
2026-04-06T06:34:29.647 false: 01011980 @ Goga
2026-04-06T06:34:47.080 false: 01011980 @ LEVANI
2026-04-06T06:34:54.532 false: 01011980 @ M A G T I
2026-04-06T06:35:11.553 false: 01011980 @ Natela
2026-04-06T06:35:31.914 false: 01011980 @ SILK_306EEC
2026-04-06T06:35:42.433 false: 01011980 @ Sofo
2026-04-06T06:36:03.165 false: 01011980 @ Tite
2026-04-06T06:36:15.510 false: 01011980 @ TP-Link_DF0C
2026-04-06T06:36:35.680 false: 01011980 @ TP-Link_E1D4
2026-04-06T06:36:40.743 false: 01011980 @ Twilight Network
2026-04-06T06:36:44.637 false: freepass @ Goga
2026-04-06T06:36:55.665 false: freepass @ LEVANI
2026-04-06T06:37:02.778 false: freepass @ M A G T I
2026-04-06T06:37:20.028 false: freepass @ Natela
2026-04-06T06:37:40.359 false: freepass @ SILK_306EEC
2026-04-06T06:37:45.158 false: freepass @ Sofo
2026-04-06T06:38:02.192 false: freepass @ Tite
2026-04-06T06:38:17.132 false: freepass @ TP-Link_DF0C
2026-04-06T06:38:34.954 false: freepass @ TP-Link_E1D4
2026-04-06T06:38:41.881 false: freepass @ Twilight Network
2026-04-06T06:38:45.749 false: 99999999 @ Goga
2026-04-06T06:38:57.136 false: 99999999 @ LEVANI
2026-04-06T06:39:06.000 false: 99999999 @ M A G T I
2026-04-06T06:39:24.262 false: 99999999 @ Natela
2026-04-06T06:39:44.274 false: 99999999 @ SILK_306EEC
2026-04-06T06:39:49.074 false: 99999999 @ Sofo
2026-04-06T06:40:05.984 false: 99999999 @ Tite
2026-04-06T06:40:21.147 false: 99999999 @ TP-Link_DF0C
2026-04-06T06:40:38.963 false: 99999999 @ TP-Link_E1D4
2026-04-06T06:40:45.889 false: 99999999 @ Twilight Network
2026-04-06T06:40:49.780 false: fyfcnfcbz @ Goga
2026-04-06T06:41:06.954 false: fyfcnfcbz @ LEVANI
2026-04-06T06:41:16.281 false: fyfcnfcbz @ M A G T I
2026-04-06T06:41:34.708 false: fyfcnfcbz @ Natela
2026-04-06T06:41:54.826 false: fyfcnfcbz @ SILK_306EEC
2026-04-06T06:41:59.617 false: fyfcnfcbz @ Sofo
2026-04-06T06:42:16.554 false: fyfcnfcbz @ Tite
2026-04-06T06:42:31.204 false: fyfcnfcbz @ TP-Link_DF0C
2026-04-06T06:42:49.382 false: fyfcnfcbz @ TP-Link_E1D4
2026-04-06T06:42:56.457 false: fyfcnfcbz @ Twilight Network
2026-04-06T06:43:00.341 false: airplane @ Goga
2026-04-06T06:43:11.721 false: airplane @ LEVANI
2026-04-06T06:43:19.199 false: airplane @ M A G T I
2026-04-06T06:43:36.561 false: airplane @ Natela
2026-04-06T06:43:56.984 false: airplane @ SILK_306EEC
2026-04-06T06:44:03.375 false: airplane @ Sofo
2026-04-06T06:44:23.727 false: airplane @ Tite
2026-04-06T06:44:42.940 false: airplane @ TP-Link_DF0C
2026-04-06T06:45:02.614 false: airplane @ TP-Link_E1D4
2026-04-06T06:45:07.717 false: airplane @ Twilight Network
2026-04-06T06:45:11.603 false: 22222222 @ Goga
2026-04-06T06:45:28.826 false: 22222222 @ LEVANI
2026-04-06T06:45:36.273 false: 22222222 @ M A G T I
2026-04-06T06:45:53.814 false: 22222222 @ Natela
2026-04-06T06:46:14.133 false: 22222222 @ SILK_306EEC
2026-04-06T06:46:18.904 false: 22222222 @ Sofo
2026-04-06T06:46:35.882 false: 22222222 @ Tite
2026-04-06T06:46:45.309 false: 22222222 @ TP-Link_DF0C
2026-04-06T06:47:03.477 false: 22222222 @ TP-Link_E1D4
2026-04-06T06:47:10.419 false: 22222222 @ Twilight Network
2026-04-06T06:47:14.311 false: 1029384756 @ Goga
2026-04-06T06:47:25.846 false: 1029384756 @ LEVANI
2026-04-06T06:47:33.430 false: 1029384756 @ M A G T I
2026-04-06T06:47:50.747 false: 1029384756 @ Natela
2026-04-06T06:48:11.137 false: 1029384756 @ SILK_306EEC
2026-04-06T06:48:15.950 false: 1029384756 @ Sofo
2026-04-06T06:48:32.870 false: 1029384756 @ Tite
2026-04-06T06:48:40.185 false: 1029384756 @ TP-Link_DF0C
2026-04-06T06:48:57.050 false: 1029384756 @ TP-Link_E1D4
2026-04-06T06:49:04.388 false: 1029384756 @ Twilight Network
2026-04-06T06:49:08.277 false: cheyenne @ Goga
2026-04-06T06:49:25.441 false: cheyenne @ LEVANI
2026-04-06T06:49:32.957 false: cheyenne @ M A G T I
2026-04-06T06:49:50.115 false: cheyenne @ Natela
2026-04-06T06:50:10.446 false: cheyenne @ SILK_306EEC
2026-04-06T06:50:15.251 false: cheyenne @ Sofo
2026-04-06T06:50:32.246 false: cheyenne @ Tite
2026-04-06T06:50:47.101 false: cheyenne @ TP-Link_DF0C
2026-04-06T06:51:04.944 false: cheyenne @ TP-Link_E1D4
2026-04-06T06:51:11.900 false: cheyenne @ Twilight Network
2026-04-06T06:51:15.769 false: billybob @ Goga
2026-04-06T06:51:19.651 false: billybob @ LEVANI
2026-04-06T06:51:23.533 false: billybob @ M A G T I
2026-04-06T06:51:40.710 false: billybob @ Natela
2026-04-06T06:52:01.195 false: billybob @ SILK_306EEC
2026-04-06T06:52:06.154 false: billybob @ Sofo
2026-04-06T06:52:23.070 false: billybob @ Tite
2026-04-06T06:52:32.074 false: billybob @ TP-Link_DF0C
2026-04-06T06:52:50.302 false: billybob @ TP-Link_E1D4
2026-04-06T06:52:57.243 false: billybob @ Twilight Network
2026-04-06T06:53:01.138 false: lawrence @ Goga
2026-04-06T06:53:18.314 false: lawrence @ LEVANI
2026-04-06T06:53:25.727 false: lawrence @ M A G T I
2026-04-06T06:53:42.795 false: lawrence @ Natela
2026-04-06T06:54:03.162 false: lawrence @ SILK_306EEC
2026-04-06T06:54:07.902 false: lawrence @ Sofo
2026-04-06T06:54:24.802 false: lawrence @ Tite
2026-04-06T06:54:33.733 false: lawrence @ TP-Link_DF0C
2026-04-06T06:54:51.965 false: lawrence @ TP-Link_E1D4
2026-04-06T06:54:59.007 false: lawrence @ Twilight Network
2026-04-06T06:55:02.889 false: pussycat @ Goga
2026-04-06T06:55:06.769 false: pussycat @ LEVANI
2026-04-06T06:55:10.656 false: pussycat @ M A G T I
2026-04-06T06:55:27.637 false: pussycat @ Natela
2026-04-06T06:55:48.106 false: pussycat @ SILK_306EEC
2026-04-06T06:55:53.073 false: pussycat @ Sofo
2026-04-06T06:56:10.001 false: pussycat @ Tite
2026-04-06T06:56:18.826 false: pussycat @ TP-Link_DF0C
2026-04-06T06:56:37.058 false: pussycat @ TP-Link_E1D4
2026-04-06T06:56:44.054 false: pussycat @ Twilight Network
2026-04-06T06:56:47.959 false: 01012000 @ Goga
2026-04-06T06:57:05.218 false: 01012000 @ LEVANI
2026-04-06T06:57:12.739 false: 01012000 @ M A G T I
2026-04-06T06:57:29.809 false: 01012000 @ Natela
2026-04-06T06:57:50.281 false: 01012000 @ SILK_306EEC
2026-04-06T06:57:55.218 false: 01012000 @ Sofo
2026-04-06T06:58:12.051 false: 01012000 @ Tite
2026-04-06T06:58:20.906 false: 01012000 @ TP-Link_DF0C
2026-04-06T06:58:39.172 false: 01012000 @ TP-Link_E1D4
2026-04-06T06:58:46.235 false: 01012000 @ Twilight Network
2026-04-06T06:58:50.188 false: chocolat @ Goga
2026-04-06T06:59:07.530 false: chocolat @ LEVANI
2026-04-06T06:59:16.795 false: chocolat @ M A G T I
2026-04-06T06:59:35.250 false: chocolat @ Natela
2026-04-06T06:59:55.293 false: chocolat @ SILK_306EEC
2026-04-06T07:00:00.060 false: chocolat @ Sofo
2026-04-06T07:00:17.048 false: chocolat @ Tite
2026-04-06T07:00:26.069 false: chocolat @ TP-Link_DF0C
2026-04-06T07:00:44.320 false: chocolat @ TP-Link_E1D4
2026-04-06T07:00:51.357 false: chocolat @ Twilight Network
2026-04-06T07:00:55.259 false: business @ Goga
2026-04-06T07:00:59.149 false: business @ LEVANI
2026-04-06T07:01:03.037 false: business @ M A G T I
2026-04-06T07:01:06.928 false: business @ Natela
2026-04-06T07:01:25.538 false: business @ SILK_306EEC
2026-04-06T07:01:34.317 false: business @ Sofo
2026-04-06T07:01:53.570 false: business @ Tite
2026-04-06T07:02:01.769 false: business @ TP-Link_DF0C
2026-04-06T07:02:20.996 false: business @ TP-Link_E1D4
2026-04-06T07:02:27.725 false: business @ Twilight Network
2026-04-06T07:02:31.623 false: cjkysirj @ Goga
2026-04-06T07:02:37.114 false: cjkysirj @ LEVANI
2026-04-06T07:02:44.574 false: cjkysirj @ M A G T I
2026-04-06T07:03:04.875 false: cjkysirj @ Natela
2026-04-06T07:03:23.572 false: cjkysirj @ SILK_306EEC
2026-04-06T07:03:30.273 false: cjkysirj @ Sofo
2026-04-06T07:03:47.274 false: cjkysirj @ Tite
2026-04-06T07:03:56.344 false: cjkysirj @ TP-Link_DF0C
2026-04-06T07:04:14.634 false: cjkysirj @ TP-Link_E1D4
2026-04-06T07:04:21.672 false: cjkysirj @ Twilight Network
2026-04-06T07:04:25.590 false: 123qweasd @ Goga
2026-04-06T07:04:29.481 false: 123qweasd @ LEVANI
2026-04-06T07:04:34.876 false: 123qweasd @ M A G T I
2026-04-06T07:04:53.787 false: 123qweasd @ Natela
2026-04-06T07:05:13.455 false: 123qweasd @ SILK_306EEC
2026-04-06T07:05:18.540 false: 123qweasd @ Sofo
2026-04-06T07:05:35.555 false: 123qweasd @ Tite
2026-04-06T07:05:44.740 false: 123qweasd @ TP-Link_DF0C
2026-04-06T07:06:02.968 false: 123qweasd @ TP-Link_E1D4
2026-04-06T07:06:10.039 false: 123qweasd @ Twilight Network
2026-04-06T07:06:13.930 false: stingray @ Goga
2026-04-06T07:06:17.815 false: stingray @ LEVANI
2026-04-06T07:06:23.489 false: stingray @ M A G T I
2026-04-06T07:06:42.181 false: stingray @ Natela
2026-04-06T07:07:01.960 false: stingray @ SILK_306EEC
2026-04-06T07:07:09.142 false: stingray @ Sofo
2026-04-06T07:07:29.278 false: stingray @ Tite
2026-04-06T07:07:36.229 false: stingray @ TP-Link_DF0C
2026-04-06T07:07:56.565 false: stingray @ TP-Link_E1D4
2026-04-06T07:08:01.666 false: stingray @ Twilight Network
2026-04-06T07:08:05.630 false: serenity @ Goga
2026-04-06T07:08:17.114 false: serenity @ LEVANI
2026-04-06T07:08:24.081 false: serenity @ M A G T I
2026-04-06T07:08:41.058 false: serenity @ Natela
2026-04-06T07:09:01.485 false: serenity @ SILK_306EEC
2026-04-06T07:09:06.384 false: serenity @ Sofo
2026-04-06T07:09:23.309 false: serenity @ Tite
2026-04-06T07:09:32.956 false: serenity @ TP-Link_DF0C
2026-04-06T07:09:51.142 false: serenity @ TP-Link_E1D4
2026-04-06T07:09:58.167 false: serenity @ Twilight Network
2026-04-06T07:10:02.569 false: greenday @ Goga
2026-04-06T07:10:14.524 false: greenday @ LEVANI
2026-04-06T07:10:23.983 false: greenday @ M A G T I
2026-04-06T07:10:42.410 false: greenday @ Natela
2026-04-06T07:11:02.435 false: greenday @ SILK_306EEC
2026-04-06T07:11:08.773 false: greenday @ Sofo
2026-04-06T07:11:29.341 false: greenday @ Tite
2026-04-06T07:11:42.059 false: greenday @ TP-Link_DF0C
2026-04-06T07:12:01.747 false: greenday @ TP-Link_E1D4
2026-04-06T07:12:06.800 false: greenday @ Twilight Network
2026-04-06T07:12:12.735 false: charlie1 @ Goga
2026-04-06T07:12:27.442 false: charlie1 @ LEVANI
2026-04-06T07:12:32.507 false: charlie1 @ M A G T I
2026-04-06T07:12:49.510 false: charlie1 @ Natela
2026-04-06T07:13:09.899 false: charlie1 @ SILK_306EEC
2026-04-06T07:13:16.788 false: charlie1 @ Sofo
2026-04-06T07:13:37.313 false: charlie1 @ Tite
2026-04-06T07:13:44.100 false: charlie1 @ TP-Link_DF0C
2026-04-06T07:14:04.203 false: charlie1 @ TP-Link_E1D4
2026-04-06T07:14:09.276 false: charlie1 @ Twilight Network
2026-04-06T07:14:14.890 false: firebird @ Goga
2026-04-06T07:14:35.291 false: firebird @ LEVANI
2026-04-06T07:14:40.405 false: firebird @ M A G T I
2026-04-06T07:14:57.617 false: firebird @ Natela
2026-04-06T07:15:17.920 false: firebird @ SILK_306EEC
2026-04-06T07:15:24.144 false: firebird @ Sofo
2026-04-06T07:15:44.838 false: firebird @ Tite
2026-04-06T07:15:52.853 false: firebird @ TP-Link_DF0C
2026-04-06T07:16:13.105 false: firebird @ TP-Link_E1D4
2026-04-06T07:16:18.205 false: firebird @ Twilight Network
2026-04-06T07:16:22.173 false: blizzard @ Goga
2026-04-06T07:16:39.288 false: blizzard @ LEVANI
2026-04-06T07:16:46.683 false: blizzard @ M A G T I
2026-04-06T07:16:58.849 false: blizzard @ Natela
2026-04-06T07:17:17.124 false: blizzard @ SILK_306EEC
2026-04-06T07:17:25.410 false: blizzard @ Sofo
2026-04-06T07:17:43.686 false: blizzard @ Tite
2026-04-06T07:17:50.769 false: blizzard @ TP-Link_DF0C
2026-04-06T07:18:07.681 false: blizzard @ TP-Link_E1D4
2026-04-06T07:18:14.941 false: blizzard @ Twilight Network
2026-04-06T07:18:18.822 false: a1b2c3d4 @ Goga
2026-04-06T07:18:36.205 false: a1b2c3d4 @ LEVANI
2026-04-06T07:18:43.715 false: a1b2c3d4 @ M A G T I
2026-04-06T07:19:01.925 false: a1b2c3d4 @ Natela
2026-04-06T07:19:22.364 false: a1b2c3d4 @ SILK_306EEC
2026-04-06T07:19:27.334 false: a1b2c3d4 @ Sofo
2026-04-06T07:19:44.258 false: a1b2c3d4 @ Tite
2026-04-06T07:19:53.361 false: a1b2c3d4 @ TP-Link_DF0C
2026-04-06T07:20:11.559 false: a1b2c3d4 @ TP-Link_E1D4
2026-04-06T07:20:20.506 false: a1b2c3d4 @ Twilight Network
2026-04-06T07:20:27.351 false: sterling @ Goga
2026-04-06T07:20:46.297 false: sterling @ LEVANI
2026-04-06T07:20:53.259 false: sterling @ M A G T I
2026-04-06T07:21:10.309 false: sterling @ Natela
2026-04-06T07:21:30.694 false: sterling @ SILK_306EEC
2026-04-06T07:21:36.713 false: sterling @ Sofo
2026-04-06T07:21:57.412 false: sterling @ Tite
2026-04-06T07:22:04.118 false: sterling @ TP-Link_DF0C
2026-04-06T07:22:24.226 false: sterling @ TP-Link_E1D4
2026-04-06T07:22:29.306 false: sterling @ Twilight Network
2026-04-06T07:22:33.200 false: password123 @ Goga
2026-04-06T07:22:50.617 false: password123 @ LEVANI
2026-04-06T07:22:57.945 false: password123 @ M A G T I
2026-04-06T07:23:14.954 false: password123 @ Natela
2026-04-06T07:23:35.411 false: password123 @ SILK_306EEC
2026-04-06T07:23:42.167 false: password123 @ Sofo
2026-04-06T07:24:02.575 false: password123 @ Tite
2026-04-06T07:24:09.112 false: password123 @ TP-Link_DF0C
2026-04-06T07:24:29.319 false: password123 @ TP-Link_E1D4
2026-04-06T07:24:34.442 false: password123 @ Twilight Network
2026-04-06T07:24:38.337 false: hercules @ Goga
2026-04-06T07:24:55.644 false: hercules @ LEVANI
2026-04-06T07:25:03.110 false: hercules @ M A G T I
2026-04-06T07:25:20.208 false: hercules @ Natela
2026-04-06T07:25:40.616 false: hercules @ SILK_306EEC
2026-04-06T07:25:45.506 false: hercules @ Sofo
2026-04-06T07:26:02.517 false: hercules @ Tite
2026-04-06T07:26:11.491 false: hercules @ TP-Link_DF0C
2026-04-06T07:26:29.678 false: hercules @ TP-Link_E1D4
2026-04-06T07:26:36.699 false: hercules @ Twilight Network
2026-04-06T07:26:42.148 false: tarheels @ Goga
2026-04-06T07:26:54.948 false: tarheels @ LEVANI
2026-04-06T07:27:02.049 false: tarheels @ M A G T I
2026-04-06T07:27:14.707 false: tarheels @ Natela
2026-04-06T07:27:32.548 false: tarheels @ SILK_306EEC
2026-04-06T07:27:40.910 false: tarheels @ Sofo
2026-04-06T07:27:59.082 false: tarheels @ Tite
2026-04-06T07:28:07.823 false: tarheels @ TP-Link_DF0C
2026-04-06T07:28:26.000 false: tarheels @ TP-Link_E1D4
2026-04-06T07:28:32.934 false: tarheels @ Twilight Network
2026-04-06T07:28:38.727 false: remember @ Goga
2026-04-06T07:28:51.775 false: remember @ LEVANI
2026-04-06T07:29:00.682 false: remember @ M A G T I
2026-04-06T07:29:19.065 false: remember @ Natela
2026-04-06T07:29:39.098 false: remember @ SILK_306EEC
2026-04-06T07:29:43.799 false: remember @ Sofo
2026-04-06T07:30:00.759 false: remember @ Tite
2026-04-06T07:30:15.481 false: remember @ TP-Link_DF0C
2026-04-06T07:30:33.702 false: remember @ TP-Link_E1D4
2026-04-06T07:30:40.728 false: remember @ Twilight Network
2026-04-06T07:30:46.239 false: basketball @ Goga
2026-04-06T07:30:53.106 false: basketball @ LEVANI
2026-04-06T07:30:58.359 false: basketball @ M A G T I
2026-04-06T07:31:16.038 false: basketball @ Natela
2026-04-06T07:31:36.364 false: basketball @ SILK_306EEC
2026-04-06T07:31:42.626 false: basketball @ Sofo
2026-04-06T07:32:03.301 false: basketball @ Tite
2026-04-06T07:32:10.196 false: basketball @ TP-Link_DF0C
2026-04-06T07:32:30.356 false: basketball @ TP-Link_E1D4
2026-04-06T07:32:35.424 false: basketball @ Twilight Network
2026-04-06T07:32:40.872 false: zeppelin @ Goga
2026-04-06T07:32:47.928 false: zeppelin @ LEVANI
2026-04-06T07:32:52.056 false: zeppelin @ M A G T I
2026-04-06T07:33:09.418 false: zeppelin @ Natela
2026-04-06T07:33:29.897 false: zeppelin @ SILK_306EEC
2026-04-06T07:33:34.818 false: zeppelin @ Sofo
2026-04-06T07:33:51.820 false: zeppelin @ Tite
2026-04-06T07:34:00.981 false: zeppelin @ TP-Link_DF0C
2026-04-06T07:34:19.247 false: zeppelin @ TP-Link_E1D4
2026-04-06T07:34:26.313 false: zeppelin @ Twilight Network
2026-04-06T07:34:32.093 false: swimming @ Goga
2026-04-06T07:34:37.407 false: swimming @ LEVANI
2026-04-06T07:34:43.464 false: swimming @ M A G T I
2026-04-06T07:35:04.291 false: swimming @ Natela
2026-04-06T07:35:22.475 false: swimming @ SILK_306EEC
2026-04-06T07:35:29.194 false: swimming @ Sofo
2026-04-06T07:35:46.137 false: swimming @ Tite
2026-04-06T07:35:53.563 false: swimming @ TP-Link_DF0C
2026-04-06T07:36:10.463 false: swimming @ TP-Link_E1D4
2026-04-06T07:36:17.831 false: swimming @ Twilight Network
2026-04-06T07:36:23.977 false: pavilion @ Goga
2026-04-06T07:36:29.209 false: pavilion @ LEVANI
2026-04-06T07:36:35.848 false: pavilion @ M A G T I
2026-04-06T07:36:56.828 false: pavilion @ Natela
2026-04-06T07:37:14.950 false: pavilion @ SILK_306EEC
2026-04-06T07:37:23.491 false: pavilion @ Sofo
2026-04-06T07:37:42.201 false: pavilion @ Tite
2026-04-06T07:37:56.291 false: pavilion @ TP-Link_DF0C
2026-04-06T07:38:14.797 false: pavilion @ TP-Link_E1D4
2026-04-06T07:38:21.440 false: pavilion @ Twilight Network
2026-04-06T07:38:25.325 false: engineer @ Goga
2026-04-06T07:38:37.158 false: engineer @ LEVANI
2026-04-06T07:38:44.064 false: engineer @ M A G T I
2026-04-06T07:39:01.175 false: engineer @ Natela
2026-04-06T07:39:21.623 false: engineer @ SILK_306EEC
2026-04-06T07:39:26.568 false: engineer @ Sofo
2026-04-06T07:39:43.573 false: engineer @ Tite
2026-04-06T07:39:52.753 false: engineer @ TP-Link_DF0C
2026-04-06T07:40:11.062 false: engineer @ TP-Link_E1D4
2026-04-06T07:40:17.966 false: engineer @ Twilight Network
2026-04-06T07:40:21.846 false: bobafett @ Goga
2026-04-06T07:40:33.036 false: bobafett @ LEVANI
2026-04-06T07:40:40.512 false: bobafett @ M A G T I
2026-04-06T07:40:51.756 false: bobafett @ Natela
2026-04-06T07:41:09.990 false: bobafett @ SILK_306EEC
2026-04-06T07:41:18.522 false: bobafett @ Sofo
2026-04-06T07:41:36.819 false: bobafett @ Tite
2026-04-06T07:41:51.140 false: bobafett @ TP-Link_DF0C
2026-04-06T07:42:09.294 false: bobafett @ TP-Link_E1D4
2026-04-06T07:42:16.240 false: bobafett @ Twilight Network
2026-04-06T07:42:20.116 false: 21122112 @ Goga
2026-04-06T07:42:37.355 false: 21122112 @ LEVANI
2026-04-06T07:42:44.722 false: 21122112 @ M A G T I
2026-04-06T07:42:55.819 false: 21122112 @ Natela
2026-04-06T07:43:14.074 false: 21122112 @ SILK_306EEC
2026-04-06T07:43:22.374 false: 21122112 @ Sofo
2026-04-06T07:43:40.547 false: 21122112 @ Tite
2026-04-06T07:43:49.200 false: 21122112 @ TP-Link_DF0C
2026-04-06T07:44:07.386 false: 21122112 @ TP-Link_E1D4
2026-04-06T07:44:14.323 false: 21122112 @ Twilight Network
2026-04-06T07:44:18.208 false: darkstar @ Goga
2026-04-06T07:44:29.551 false: darkstar @ LEVANI
2026-04-06T07:44:37.156 false: darkstar @ M A G T I
2026-04-06T07:44:54.628 false: darkstar @ Natela
2026-04-06T07:45:15.009 false: darkstar @ SILK_306EEC
2026-04-06T07:45:21.014 false: darkstar @ Sofo
2026-04-06T07:45:41.596 false: darkstar @ Tite
2026-04-06T07:45:46.681 false: darkstar @ TP-Link_DF0C
2026-04-06T07:46:03.616 false: darkstar @ TP-Link_E1D4
2026-04-06T07:46:10.899 false: darkstar @ Twilight Network
2026-04-06T07:46:14.772 false: icecream @ Goga
2026-04-06T07:46:26.199 false: icecream @ LEVANI
2026-04-06T07:46:33.748 false: icecream @ M A G T I
2026-04-06T07:46:50.976 false: icecream @ Natela
2026-04-06T07:47:11.311 false: icecream @ SILK_306EEC
2026-04-06T07:47:17.676 false: icecream @ Sofo
2026-04-06T07:47:38.285 false: icecream @ Tite
2026-04-06T07:47:45.829 false: icecream @ TP-Link_DF0C
2026-04-06T07:48:05.873 false: icecream @ TP-Link_E1D4
2026-04-06T07:48:10.992 false: icecream @ Twilight Network
2026-04-06T07:48:16.382 false: hellfire @ Goga
2026-04-06T07:48:25.192 false: hellfire @ LEVANI
2026-04-06T07:48:30.257 false: hellfire @ M A G T I
2026-04-06T07:48:47.593 false: hellfire @ Natela
2026-04-06T07:49:07.987 false: hellfire @ SILK_306EEC
2026-04-06T07:49:12.821 false: hellfire @ Sofo
2026-04-06T07:49:29.861 false: hellfire @ Tite
2026-04-06T07:49:39.246 false: hellfire @ TP-Link_DF0C
2026-04-06T07:49:57.419 false: hellfire @ TP-Link_E1D4
2026-04-06T07:50:04.084 false: hellfire @ Twilight Network
2026-04-06T07:50:08.220 false: fireball @ Goga
2026-04-06T07:50:25.715 false: fireball @ LEVANI
2026-04-06T07:50:33.223 false: fireball @ M A G T I
2026-04-06T07:50:44.297 false: fireball @ Natela
2026-04-06T07:51:02.556 false: fireball @ SILK_306EEC
2026-04-06T07:51:09.561 false: fireball @ Sofo
2026-04-06T07:51:26.582 false: fireball @ Tite
2026-04-06T07:51:33.851 false: fireball @ TP-Link_DF0C
2026-04-06T07:51:50.748 false: fireball @ TP-Link_E1D4
2026-04-06T07:51:58.016 false: fireball @ Twilight Network
2026-04-06T07:52:03.810 false: rockstar @ Goga
2026-04-06T07:52:16.098 false: rockstar @ LEVANI
2026-04-06T07:52:23.637 false: rockstar @ M A G T I
2026-04-06T07:52:40.923 false: rockstar @ Natela
2026-04-06T07:53:01.234 false: rockstar @ SILK_306EEC
2026-04-06T07:53:06.009 false: rockstar @ Sofo
2026-04-06T07:53:23.007 false: rockstar @ Tite
2026-04-06T07:53:32.236 false: rockstar @ TP-Link_DF0C
2026-04-06T07:53:50.430 false: rockstar @ TP-Link_E1D4
2026-04-06T07:53:57.326 false: rockstar @ Twilight Network
2026-04-06T07:54:01.215 false: defender @ Goga
2026-04-06T07:54:18.433 false: defender @ LEVANI
2026-04-06T07:54:25.875 false: defender @ M A G T I
2026-04-06T07:54:43.018 false: defender @ Natela
2026-04-06T07:55:03.463 false: defender @ SILK_306EEC
2026-04-06T07:55:09.820 false: defender @ Sofo
2026-04-06T07:55:30.287 false: defender @ Tite
2026-04-06T07:55:37.013 false: defender @ TP-Link_DF0C
2026-04-06T07:55:57.165 false: defender @ TP-Link_E1D4
2026-04-06T07:56:02.249 false: defender @ Twilight Network
2026-04-06T07:56:07.777 false: swordfish @ Goga
2026-04-06T07:56:22.131 false: swordfish @ LEVANI
2026-04-06T07:56:27.660 false: swordfish @ M A G T I
2026-04-06T07:56:45.120 false: swordfish @ Natela
2026-04-06T07:57:05.463 false: swordfish @ SILK_306EEC
2026-04-06T07:57:10.227 false: swordfish @ Sofo
2026-04-06T07:57:27.155 false: swordfish @ Tite
2026-04-06T07:57:36.091 false: swordfish @ TP-Link_DF0C
2026-04-06T07:57:54.366 false: swordfish @ TP-Link_E1D4
2026-04-06T07:58:01.342 false: swordfish @ Twilight Network
2026-04-06T07:58:05.224 false: airforce @ Goga
2026-04-06T07:58:16.507 false: airforce @ LEVANI
2026-04-06T07:58:23.986 false: airforce @ M A G T I
2026-04-06T07:58:41.418 false: airforce @ Natela
2026-04-06T07:59:01.803 false: airforce @ SILK_306EEC
2026-04-06T07:59:08.048 false: airforce @ Sofo
2026-04-06T07:59:28.413 false: airforce @ Tite
2026-04-06T07:59:35.029 false: airforce @ TP-Link_DF0C
2026-04-06T07:59:55.248 false: airforce @ TP-Link_E1D4
2026-04-06T08:00:00.422 false: airforce @ Twilight Network
2026-04-06T08:00:04.822 false: abcdefgh @ Goga
2026-04-06T08:00:11.491 false: abcdefgh @ LEVANI
2026-04-06T08:00:15.377 false: abcdefgh @ M A G T I
2026-04-06T08:00:32.587 false: abcdefgh @ Natela
2026-04-06T08:00:53.138 false: abcdefgh @ SILK_306EEC
2026-04-06T08:00:58.288 false: abcdefgh @ Sofo
2026-04-06T08:01:15.213 false: abcdefgh @ Tite
2026-04-06T08:01:23.975 false: abcdefgh @ TP-Link_DF0C
2026-04-06T08:01:42.142 false: abcdefgh @ TP-Link_E1D4
2026-04-06T08:01:49.164 false: abcdefgh @ Twilight Network
2026-04-06T08:01:53.541 false: srinivas @ Goga
2026-04-06T08:02:05.653 false: srinivas @ LEVANI
2026-04-06T08:02:13.154 false: srinivas @ M A G T I
2026-04-06T08:02:30.322 false: srinivas @ Natela
2026-04-06T08:02:50.726 false: srinivas @ SILK_306EEC
2026-04-06T08:02:57.162 false: srinivas @ Sofo
2026-04-06T08:03:17.596 false: srinivas @ Tite
2026-04-06T08:03:24.854 false: srinivas @ TP-Link_DF0C
2026-04-06T08:03:45.037 false: srinivas @ TP-Link_E1D4
2026-04-06T08:03:50.133 false: srinivas @ Twilight Network
2026-04-06T08:03:54.089 false: bluebird @ Goga
2026-04-06T08:03:59.900 false: bluebird @ LEVANI
2026-04-06T08:04:06.929 false: bluebird @ M A G T I
2026-04-06T08:04:24.226 false: bluebird @ Natela
2026-04-06T08:04:44.646 false: bluebird @ SILK_306EEC
2026-04-06T08:04:51.129 false: bluebird @ Sofo
2026-04-06T08:05:11.627 false: bluebird @ Tite
2026-04-06T08:05:18.758 false: bluebird @ TP-Link_DF0C
2026-04-06T08:05:38.886 false: bluebird @ TP-Link_E1D4
2026-04-06T08:05:43.992 false: bluebird @ Twilight Network
2026-04-06T08:05:49.246 false: presario @ Goga
2026-04-06T08:05:56.394 false: presario @ LEVANI
2026-04-06T08:06:02.381 false: presario @ M A G T I
2026-04-06T08:06:21.492 false: presario @ Natela
2026-04-06T08:06:41.254 false: presario @ SILK_306EEC
2026-04-06T08:06:47.780 false: presario @ Sofo
2026-04-06T08:07:08.004 false: presario @ Tite
2026-04-06T08:07:14.620 false: presario @ TP-Link_DF0C
2026-04-06T08:07:34.761 false: presario @ TP-Link_E1D4
2026-04-06T08:07:39.876 false: presario @ Twilight Network
2026-04-06T08:07:45.921 false: wrangler @ Goga
2026-04-06T08:07:53.138 false: wrangler @ LEVANI
2026-04-06T08:07:57.359 false: wrangler @ M A G T I
2026-04-06T08:08:08.806 false: wrangler @ Natela
2026-04-06T08:08:29.302 false: wrangler @ SILK_306EEC
2026-04-06T08:08:34.387 false: wrangler @ Sofo
2026-04-06T08:08:51.314 false: wrangler @ Tite
2026-04-06T08:09:00.513 false: wrangler @ TP-Link_DF0C
2026-04-06T08:09:18.652 false: wrangler @ TP-Link_E1D4
2026-04-06T08:09:25.679 false: wrangler @ Twilight Network
2026-04-06T08:09:31.755 false: precious @ Goga
2026-04-06T08:09:36.971 false: precious @ LEVANI
2026-04-06T08:09:41.186 false: precious @ M A G T I
2026-04-06T08:09:58.624 false: precious @ Natela
2026-04-06T08:10:19.129 false: precious @ SILK_306EEC
2026-04-06T08:10:25.504 false: precious @ Sofo
2026-04-06T08:10:46.033 false: precious @ Tite
2026-04-06T08:10:52.830 false: precious @ TP-Link_DF0C
2026-04-06T08:11:13.170 false: precious @ TP-Link_E1D4
2026-04-06T08:11:18.236 false: precious @ Twilight Network
2026-04-06T08:11:23.686 false: harrison @ Goga
2026-04-06T08:11:30.853 false: harrison @ LEVANI
2026-04-06T08:11:35.066 false: harrison @ M A G T I
2026-04-06T08:11:52.517 false: harrison @ Natela
2026-04-06T08:12:12.960 false: harrison @ SILK_306EEC
2026-04-06T08:12:19.485 false: harrison @ Sofo
2026-04-06T08:12:39.878 false: harrison @ Tite
2026-04-06T08:12:44.958 false: harrison @ TP-Link_DF0C
2026-04-06T08:13:01.844 false: harrison @ TP-Link_E1D4
2026-04-06T08:13:09.131 false: harrison @ Twilight Network
2026-04-06T08:13:14.936 false: goldfish @ Goga
2026-04-06T08:13:27.242 false: goldfish @ LEVANI
2026-04-06T08:13:34.751 false: goldfish @ M A G T I
2026-04-06T08:13:46.134 false: goldfish @ Natela
2026-04-06T08:14:04.365 false: goldfish @ SILK_306EEC
2026-04-06T08:14:11.365 false: goldfish @ Sofo
2026-04-06T08:14:28.270 false: goldfish @ Tite
2026-04-06T08:14:37.574 false: goldfish @ TP-Link_DF0C
2026-04-06T08:14:55.852 false: goldfish @ TP-Link_E1D4
2026-04-06T08:15:02.802 false: goldfish @ Twilight Network
2026-04-06T08:15:06.592 false: Soso123aljg @ Goga
2026-04-06T08:15:17.935 false: Soso123aljg @ LEVANI
2026-04-06T08:15:29.349 false: Soso123aljg @ M A G T I
2026-04-06T08:15:47.048 false: Soso123aljg @ Natela
2026-04-06T08:16:07.072 false: Soso123aljg @ SILK_306EEC
2026-04-06T08:16:11.903 false: Soso123aljg @ Sofo
2026-04-06T08:16:28.843 false: Soso123aljg @ Tite
2026-04-06T08:16:36.200 false: Soso123aljg @ TP-Link_DF0C
2026-04-06T08:16:53.135 false: Soso123aljg @ TP-Link_E1D4
2026-04-06T08:17:00.473 false: Soso123aljg @ Twilight Network
2026-04-06T08:17:04.344 false: dbrnjhbz @ Goga
2026-04-06T08:17:13.173 false: dbrnjhbz @ LEVANI
2026-04-06T08:17:26.121 false: dbrnjhbz @ M A G T I
2026-04-06T08:17:34.938 false: dbrnjhbz @ Natela
2026-04-06T08:17:51.792 false: dbrnjhbz @ SILK_306EEC
2026-04-06T08:18:01.703 false: dbrnjhbz @ Sofo
2026-04-06T08:18:23.669 false: dbrnjhbz @ Tite
2026-04-06T08:18:28.456 false: dbrnjhbz @ TP-Link_DF0C
2026-04-06T08:18:45.317 false: dbrnjhbz @ TP-Link_E1D4
2026-04-06T08:18:57.639 false: dbrnjhbz @ Twilight Network
2026-04-06T08:19:03.418 false: thailand @ Goga
2026-04-06T08:19:20.927 false: thailand @ LEVANI
2026-04-06T08:19:32.430 false: thailand @ M A G T I
2026-04-06T08:19:50.831 false: thailand @ Natela
2026-04-06T08:20:17.390 false: thailand @ SILK_306EEC
2026-04-06T08:20:23.313 false: thailand @ Sofo
2026-04-06T08:20:40.361 false: thailand @ Tite
2026-04-06T08:20:49.919 false: thailand @ TP-Link_DF0C
2026-04-06T08:21:08.197 false: thailand @ TP-Link_E1D4
2026-04-06T08:21:13.851 false: thailand @ Twilight Network
